project,package,class,method,time
AlecinVan,storm.ingress.tools,SlotBasedCounter,wipeSlot.(I)V,2248
hpu-spring87,com.hpuvoice.app,ContentActivity,onPageScrollStateChanged.(I)V,99
martincameron,micromod.compiler,Note,setRepeat.(I)V,86
stickfigure,unsuck.lang,DateUtil,calculateDaysAgoJoinedFloor.(I)Ljava/lang/Object;,84
frontiertsymbal,com.frontier.giphy.utils,CircularViewPagerHandler,onPageSelected.(I)V,83
WyattPearson,server,ReversiGame,flipLine.(IIII)V,1141
KenyStev,-,PalindromoAir,income.(I)D,67
butlersrepos,dungeonDigger.entities.templates,ZombieTemplate,newDex.(I)I,60
phdabel,util,MASLABRouting,getRoadIDs.(I)Ljava/lang/Object;,56
WyattPearson,-,ReversiGame,flipLine.(IIII)V,52
yxsu,com.petuum.ps.server,Server,addRowRequest.(IIII)V,56
martincameron,micromod,Instrument,normalizeSampleIdx.(I)I,61
online-solutions,plus.studio.beta.streamvideo.mediacontroller,VideoControllerView,show.(I)V,54
Artur-,org.vaadin.artur,DayValidator,getDaysInMonth.(I)I,178
jfeinstein10,com.jeremyfeinstein.slidingmenu.lib.app,SlidingActivity,findViewById.(I)Ljava/lang/Object;,59
ey-,com.aje.logic16.app.serverApi,api,getHighScore.(I)Ljava/lang/Object;,54
TheTemportalist,com.temportalist.thaumicexpansion.common.tile,TEThaumicAnalyzer,isValidSlot.(I)Z,56
asleepcat,org.eclipse.wb.swt,SWTResourceManager,getCursor.(I)Ljava/lang/Object;,57
avoajaugochukwu,com.biito.masterflow,WebpageListFragment,setActivatedPosition.(I)V,56
jlnunn2372,main.java.bubblePopper,ScoreBoardController,addScoreToList.(II)V,75
jhonnybsg,br.com.gamezes.screens,PlayerSelectScreen,touchDragged.(III)Z,51
tkleisas,org.teacake.monolith.apk,SoundPoolManager,pauseMusic.(I)V,37
BoBinLee,com.skhu.service,SkhuBrdService,addSkhuBrd.(II)Z,55
clhernandez,cl.usach.lab1.finanzas.rmi.client,ClienteFinanzasRMI,getOrdenProductoById.(I)Ljava/lang/Object;,53
Shanmathi1,edu.uic.cs583.msgsp,Input,min.(II)I,70
zhangruoxu,VC.CodeGen,Emitter,emitICONST.(I)V,127
Mandrivia,main,ProblemData,setAreaDimension.(III)V,51
caseyjames,assignment8,HashTable,isPrime.(I)Z,50
TBtomislav,jxl.write.biff,RowRecord,getCell.(I)Ljava/lang/Object;,40
StefanCiotec,ro.pub.cs.systems.pdsd.lab05.addressbook.controller,ContactAdapter,getItemId.(I)J,34
Tommyatkins,com.tommyatkins.test.reflect,Generic,getGenericType.(I)Ljava/lang/Class;,33
fabiuz7,edu.priceton.cs.graph,GraphGenerator,regular.(II)Ljava/lang/Object;,36
n11com,com.n11.tech.endlessadapter.adapter,EndlessAdapter,getItemId.(I)J,40
KenyStev,ChessChaturanga.Logica.Pieces,Tower,validMovement.(II)Z,51
voodoodyne,org.subethamail.smtp.io,ThresholdingOutputStream,thresholdReached.(II)V,47
MikeLydeamore,powercrystals.core.gui.controls,Button,onMousePressed.(III)Z,66
SalesforceEng,com.salesforce.keystone.roadrunner.nio.streams,ByteBufferOutputStream,write.(I)V,37
nefiga,fastpace.com.appme.action,Action,setActionChanngeDrawable.(I)V,32
bitcrystal,de.bitcrystal.decentralizedexchange.security,BitCrystalKeyGenerator,getByteSizeKey.(I)I,43
Jumping-alien-W-and-M,jumpingalien.model,World,getHash.(II)I,36
martincameron,micromod,Channel,volumeSlide.(I)V,36
martincameron,ibxm,Data,uleInt.(I)I,45
jeremux,serveur,TreeImpl,aRecu.(I)Z,45
EricssonResearch,com.ericsson.research.owr.sdk,MediaStreamHandler,onSendSsrcChanged.(I)V,37
billcchung,tw.billchung.taiwancoffeeprices,MainActivity,onNavigationDrawerItemSelected.(I)V,34
NanodegreeStudent,com.danilaeremin.nicecoffee.Fragments,NavigationDrawerFragment,selectItem.(I)V,34
RedingG,com.reding.qrcard,WelcomeActivity,setCurView.(I)V,43
vehicle-history,io.vehiclehistory.fragment,NavigationDrawerFragment,selectItem.(I)V,35
dcapwell,com.github.dcapwell.java.file.operations,NIOChmod,isSet.(II)Z,34
MikeLydeamore,powercrystals.core.gui.controls,ListBox,setSelectedIndex.(I)V,35
KenyStev,ChessChaturanga.Logica.Pieces,Horse,validMovement.(II)Z,32
sheryanresutov,gui,GamePanel,setGameID.(I)V,33
TBtomislav,jxl.write.biff,RowRecord,removeColumn.(I)V,37
martincameron,micromod.compiler,AudioData,resample.(II)Lmicromod/compiler/AudioData;,34
caseyjames,FinalProject,PriorityQueueHEAP,percolateUp.(I)V,37
eevans,SevenZip.Compression.LZMA,Base,StateUpdateChar.(I)I,39
eevans,SevenZip.Compression.RangeCoder,Decoder,DecodeDirectBits.(I)I,46
divinebooger,-,GenericList,get.(I)Ljava/lang/Object;,32
igrief15,-,Player,changeCoins.(I)V,28
divinebooger,-,StdDrawPlus,isKeyPressed.(I)Z,179
yxsu,com.petuum.ps.thread,SSPRowRequestOpLogMgr,cleanVersionOpLogs.(II)V,43
MikeLydeamore,cofh.gui,GuiTextList,selectLine.(I)V,51
DShamaev,com.hikimori911.mylastfmclient.appinterface,MainMenuAdapter,isPositionHeader.(I)Z,55
fiddenmar,com.jlabs.lab6,EncodingCipher,getEncoding.(I)Ljava/lang/String;,66
igorgatis,com.googlecode.compress_j2me.gzip,ZStream,copyFromEnd.(II)V,38
igorgatis,com.googlecode.compress_j2me.gzip,ZStream,write.(I)V,56
immlf,ua.pp.lab101.synthesizercontrol.adregisters,ADRegister,setBitByPosition.(I)V,65
clhernandez,cl.usach.lab1.db.DAO.finanzas,ClienteDAO,getClienteById.(I)Ljava/lang/Object;,49
markatithinkbest,tcnr18.com.finalproject,NavigationDrawerFragment,selectItem.(I)V,48
jordanywhite,edu.up.cs301.othello,OthelloState,isLegalMove.(II)Z,48
swapneshgandhi,com.cloudwick.training.logging,Calculator,calulate.(II)I,46
Jumping-alien-W-and-M,jumpingalien.model,World,setWindowWidth.(I)V,42
jlnunn2372,main.java.bubblePopper,ScoreBoardController,setHighScore.(I)V,39
sheryanresutov,GameBackEnd,Game,dropPlayerFromSB.(I)Ljava/lang/Object;,50
TheTemportalist,com.temportalist.thaumicexpansion.common.tile,TEThaumicAnalyzer,transfer.(III)Z,49
danielsnipher,br.com.fiap.blind,DesambiguaVoz,onInit.(I)V,38
igorgatis,com.googlecode.compress_j2me.gzip,ZStream,readLittleEndian.(I)I,58
TBtomislav,jxl.write.biff,WritableWorkbookImpl,getExternalSheetName.(I)Ljava/lang/Object;,53
divinebooger,huglife,HugLifeUtils,randomInt.(II)I,35
igorgatis,com.googlecode.compress_j2me.lzc,LZCOutputStream,write.(I)V,31
gpfjeff,com.gpfcomics.android.ppp,Cardset,isValidPasscodeLength.(I)Z,42
KenyStev,ChessChaturanga.Logica.Pieces,Pawn,validMovement.(II)Z,32
martincameron,micromod,Channel,waveform.(II)I,27
jfeinstein10,com.jeremyfeinstein.slidingmenu.lib.app,SlidingFragmentActivity,findViewById.(I)Ljava/lang/Object;,34
Tibolte,is.arontibo.library.VectorCompat,DrawableCompat,setLayoutDirection.(I)V,35
KenyStev,ChessChaturanga.Logica.Pieces,King,validMovement.(II)Z,33
divinebooger,-,Board,function.(I)I,31
WyattPearson,-,Board,occupy.(II)V,37
gpfjeff,com.gpfcomics.android.ppp,Cardset,isValidNumberOfColumns.(I)Z,42
formychar,com.example.shahab123.seng301,page2,calculateTime.(I)V,32
jlnunn2372,main.java.bubblePopper,ScoreBoardController,comapreScore.(I)V,30
divinebooger,-,ObjectList,get.(I)Ljava/lang/Object;,35
uqbar-project,com.uqbar.commons.descriptor,ClassForDescription,method4.(I)Ljava/lang/Object;,29
aatxe,org.tomato.net.server.debug,LimitLinesDocumentListener,setLimitLines.(I)V,36
wujek-srujek,com.jambit.conti.ccss,CCSS,generateTouch.(III)V,30
mithunkumarnallu,SchedulingAlgos,ProcessInfo,UpdateReadyQueueInsertTime.(I)V,28
gpfjeff,com.gpfcomics.android.ppp,Cardset,isValidNumberOfRows.(I)Z,34
clear2zero,com.ksy.media.widget,CenterLayout,onMeasure.(II)V,30
abraxasson,at.abraxas.amarino.plugins.orientation,EditActivity,getRate.(I)I,46
yxsu,com.petuum.ps.server,ServerRow,subscribe.(I)V,29
MikeLydeamore,powercrystals.core.gui.controls,Button,getTextColor.(II)I,32
jlnunn2372,bubblePopper,ScoreBoardController,comapreScore.(I)V,31
jfeinstein10,com.jeremyfeinstein.slidingmenu.lib.app,SlidingFragmentActivity,setBehindContentView.(I)V,31
JsonHunt,com.squareup.okhttp.internal.tls,DistinguishedNameParser,getByte.(I)I,39
Jumping-alien-W-and-M,jumpingalien.model,World,setYWindow.(I)V,27
clhernandez,cl.usach.lab1.db.DAO.rrhh,CargoDAO,eliminarCargo.(I)Z,31
phdabel,ufrgs.maslab.abstractsimulator.algorithms,KMeans,initializeCentroids.(I)V,34
yxsu,com.petuum.ps.common.util,VectorClock,getClock.(I)I,29
MikeLydeamore,powercrystals.core.gui.controls,ListBox,onMouseWheel.(III)Z,40
StefanCiotec,ro.pub.cs.systems.pdsd.lab05.sample11listfragment.controller,CartoonAdapter,getItemId.(I)J,38
yxsu,com.petuum.ps.server,Server,findCreateRow.(II)Ljava/lang/Object;,36
caseyjames,assignment9,PriorityQueueHEAP,swap.(II)V,46
tecnomatico,com.freelancersteam.www.java.tomafoto.dominio.dao.imp,EmpleadoDaoImp,getAsistencia.(I)Ljava/lang/Object;,32
itot0103,ocha.itolab.koala.datagen.egotwitter,FeatureProcessor,addAccountClusters.(II)V,30
sheryanresutov,GameBackEnd,Game,findPlayer.(I)Ljava/lang/Object;,30
shred,org.shredzone.feinrip.gui,JLabelGroup,setVerticalAlignment.(I)V,1566
The-WUUSTER,-,Plausibility,indexLookup.(I)I,80
twitter,com.twitter.http2,HttpConnection,updateAllReceiveWindowSizes.(I)V,31
Kevin-unipe,data.br,Data,setAno.(I)V,37
twitter,com.twitter.http2,HttpConnection,getSendWindowSize.(I)I,33
tkleisas,org.teacake.monolith.apk,SoundPoolManager,resumeMusic.(I)V,30
compgen-io,io.compgen.common,TallyCounts,incr.(I)V,40
clear2zero,com.ksy.media.widget,MediaPlayerView,doScreenOrientationRotate.(I)V,27
KenyStev,com.ZeroStudio.Algorimos.week1,WeightedQuickUnionUF,root.(I)I,30
wenjiang,com.zwb.simple.ui,SelectorDrawable,changeViewOn.(I)V,58
clhernandez,cl.usach.lab1.finanzas.rmi.client,ClienteFinanzasRMI,getOrdenById.(I)Ljava/lang/Object;,39
voodoodyne,org.subethamail.smtp.io,CRLFOutputStream,write.(I)V,29
juancki,com.juancarlosgomez.threeonthree,MainActivity,setCurrentFlat.(I)V,33
yitaohu,cs61b_project1,PixImage,getGreen.(II)S,33
frigidrain,scheduler,TaskGroup,setUrgency.(I)V,38
niosus,com.learnit.learnit.fragments.learn_fragments,AbstractLearnFragment,hideButtons.(II)V,32
supernova-cmu,CV,CrossValidation,validate.(I)Ljava/lang/Object;,30
josinmartinez,Pruebas.LocalSearch,EightQueens,rowLessViolationsByColumn.(I)I,30
clhernandez,cl.usach.lab1.db.DAO.rrhh,DepartamentoDAO,getDepartamentoById.(I)Ljava/lang/Object;,31
luizrogeriocn,-,ListaDeCantinas,retirarEstoque.(II)V,31
Tyrtle,trevorwarner.individualgame,Brick,setBrickHealth.(I)V,32
voodoodyne,org.subethamail.smtp.server,SMTPServer,setConnectionTimeout.(I)V,29
linsonzhao,video.app.autobahn,WebSocketOptions,setSocketReceiveTimeout.(I)V,36
ricardocaldeira,controle,Con_Lote_Ezeq,setIdLote.(I)V,35
KenyStev,examen1labprg2,Empresa,payEmploye.(I)Z,32
TBtomislav,jxl.biff.formula,Function,getFunction.(I)Ljava/lang/Object;,29
sheryanresutov,gui,GamePanel,blockTimer.(I)V,30
alexditu,ro.pub.cs.systems.pdsd.lab05.sample11listfragment.controller,CartoonAdapter,getItemViewType.(I)I,32
gpfjeff,com.gpfcomics.android.ppp,Cardset,setNumberOfColumns.(I)V,38
JsonHunt,com.squareup.okhttp.internal.spdy,Settings,get.(I)I,40
Artur-,org.vaadin.artur,DayValidator,setMonth.(I)V,42
AdaptiveSystem,com.movie.worth.dao,Ratings,getRatingCountOfOneUser.(I)I,52
sheryanresutov,GameBackEnd,GameBoard,addCards.(I)V,46
pfyuit,com.pfyuit.myalgorithm.datastructure.hash,HashTable,remove.(I)Lcom/pfyuit/myalgorithm/datastructure/hash/HashTable$DataItem;,33
yxsu,com.petuum.ps.server,Server,clock.(II)Z,32
KenyStev,com.ZeroStudio.Algorimos.week1,QuickUnionUF,root.(I)I,30
Mandrivia,main,ProblemData,columnDist.(II)I,32
krisnaru,-,PrimeNumbers,test.(I)V,344
TheTemportalist,com.temportalist.thaumicexpansion.common.tile,TEThaumicAnalyzer,installAugment.(I)Z,31
dezouzart,service,SmartBusca,heuristica.(IIII)I,29
double0291,com.android.volley.toolbox,ByteArrayPool,getBuf.(I)[B,42
Holmaren,ir,PostingsEntry,addOffset.(I)V,32
Freezard,com.example.lab6.dialer,DialerView,playSound.(I)V,29
MikeLydeamore,powercrystals.core.gui.controls,Button,drawForeground.(II)V,29
jfeinstein10,com.jeremyfeinstein.slidingmenu.lib.app,SlidingListActivity,setBehindContentView.(I)V,30
MikeLydeamore,powercrystals.core.gui.controls,ListBox,drawForeground.(II)V,31
niosus,com.learnit.learnit.fragments.learn_fragments,AbstractLearnFragment,onAnimationFinished.(II)V,30
luizrogeriocn,-,ListaDeCantinas,referenciaCadastrada.(I)Z,32
voodoodyne,org.subethamail.smtp.server,SMTPServer,setBacklog.(I)V,33
harrydet,com.example.harry.wakeup.adapters,ListTaskListAdapter,deleteItem.(I)V,31
si-yao,utility,SocketService,getInstance.(I)Ljava/lang/Object;,31
fabiuz7,edu.umd.cloud9.util,ArrayListOfInts,remove.(I)I,33
WyattPearson,-,Board,drawBoard.(II)V,341
CMTelecom,com.cmtelecom.example.activities,RegistrationActivity,getCountryISOForCountryCode.(I)Ljava/lang/Object;,31
martincameron,ibxm,Data,ubeShort.(I)I,35
JsonHunt,com.squareup.okhttp.internal.spdy,Settings,set.(III)V,30
martincameron,micromod,Instrument,setFineTune.(I)V,43
KenyStev,com.ZeroStudio.Algorimos.week1,WeightedQuickUnionUF,union.(II)V,35
igrief15,-,Position,unoccupy.(I)V,36
xcerox,com.libreriajRR.seguridad,CoreValidacion,isSymbol.(I)Z,31
MikeLydeamore,powercrystals.core.gui.controls,ListBox,onScroll.(I)V,29
bradfordkyle11,com.kmbapps.classscheduler,NavigationDrawerFragment,selectItem.(I)V,30
KenyStev,-,Picture,get.(II)Ljava/awt/Color;,82
ronenfilho,com.imagery.imagerymedical,MainActivity,displayView.(I)V,32
niosus,com.learnit.learnit.fragments.learn_fragments,AbstractLearnFragment,fetchNewRandomWordsAsync.(II)V,45
TBtomislav,jxl.biff,FormattingRecords,getDateFormat.(I)Ljava/lang/Object;,30
eevans,SevenZip.Compression.LZMA,Decoder,SetDictionarySize.(I)Z,31
yxsu,com.petuum.ps.server,Server,init.(I)V,29
kinneyyan,com.antonyt.infiniteviewpager,MinFragmentPagerAdapter,getItem.(I)Ljava/lang/Object;,29
nemui,deep.dark.lonebrewer,LBWFCompanionConfigActivity,onConnectionSuspended.(I)V,29
tliu17,-,DirectedMatrixGraph,areNeighbors.(II)Z,54
jfeinstein10,com.jeremyfeinstein.slidingmenu.lib.app,SlidingPreferenceActivity,setContentView.(I)V,49
TomWerner,com.wernerapps.ezbongo.StopListing,ExpandableSwipeAdapter,getChildId.(II)J,43
compgen-io,io.compgen.common,TallyCounts,getCount.(I)J,41
igrief15,-,Board,unoccupy.(II)V,38
di-ruan,shared,RDSWrapper,deleteCoupon.(II)Z,30
caseyjames,assignment9,PriorityQueueHEAP,percolateUp.(I)V,39
TheTemportalist,com.temportalist.thaumicexpansion.common.block,BlockThaumicAnalyzer,getTier.(I)I,31
jfeinstein10,com.jeremyfeinstein.slidingmenu.lib.app,SlidingListActivity,findViewById.(I)Ljava/lang/Object;,33
zlim,jnt.scimark2,MonteCarlo,integrate.(I)D,38
vcsupser,io.netty.example.portunification,PortUnificationServerHandler,isFactorial.(I)Z,33
jglewis93,com.example.jon.restroomradar,SchemaContract,getLongitude.(I)D,33
caseyjames,assignment8,HashTable,nextPrime.(I)I,32
Jumping-alien-W-and-M,jumpingalien.model,Slime,hit.(I)V,30
StefanCiotec,ro.pub.cs.systems.pdsd.lab05.sample10listactivity.controller,CartoonAdapter,getItemViewType.(I)I,50
dumchikov,chickens.kharkov.ua.chickens,TabsViewPagerAdapter,getItem.(I)Ljava/lang/Object;,39
zyq001,edu.bupt.zyq,CountandSay,countAndSay.(I)Ljava/lang/String;,80
gpfjeff,com.gpfcomics.android.ppp,Cardset,setNumberOfRows.(I)V,30
flypigrmvb,kankan.wheel.widget.adapters,NumericWheelAdapter,getItemText.(I)Ljava/lang/Object;,30
igrief15,-,Board,function.(I)I,30
jordanywhite,edu.up.cs301.game,GameHumanPlayer,flash.(II)V,30
hpu-spring87,com.hpuvoice.XlistView,XListViewHeader,setVisiableHeight.(I)V,33
linsonzhao,video.app.com.views,ScallingImageView,setMaxWidth.(I)V,30
xianc,-,Cell,groupSolve.(IIII)V,195
igorgatis,com.googlecode.compress_j2me.gzip,ZStream,skipBytes.(I)V,37
StefanCiotec,ro.pub.cs.systems.pdsd.lab05.addressbook.controller,ContactAdapter,getItemViewType.(I)I,32
divinebooger,-,Calculator,multiply.(II)I,43
JsonHunt,org.apache.cordova,LinearLayoutSoftKeyboardDetect,onMeasure.(II)V,32
alexditu,ro.pub.cs.systems.pdsd.lab05.sample10listactivity.controller,CartoonAdapter,getItemId.(I)J,30
gpfjeff,com.gpfcomics.android.ppp,Cardset,setPasscodeLength.(I)V,31
clear2zero,com.ksy.media.widget,MediaPlayerBufferingView,setBufferingProgress.(I)V,39
jlnunn2372,bubblePopper,ScoreBoardController,setScore.(I)V,31
KenyStev,LabProgra2,Residencial,numeroDisponible.(I)Z,32
clhernandez,cl.usach.lab1.rrhh.rmi.client,ClienteRrhhRMI,eliminarDepartamento.(I)Z,30
fabiuz7,edu.umd.cloud9.util,ArrayListOfInts,lastIndexOf.(I)I,29
alexditu,ro.pub.cs.systems.pdsd.lab05.sample09baseadapter.controller,CartoonAdapter,getItemId.(I)J,29
zhangruoxu,VC.CodeGen,Frame,push.(I)V,29
TBtomislav,jxl.write.biff,RowRecord,insertColumn.(I)V,30
sheryanresutov,GameBackEnd,Game,returnScore.(II)Ljava/lang/Object;,30
liulinru13,mmrx.com.myuserdefinedview,MainActivity,selectFragment.(I)V,28
RomanStoyko,com.storoman.app,MainActivity,onCreateDialog.(I)Ljava/lang/Object;,28
lorinczpatrik,tema2_TP,Simulator,addHandlers.(I)V,31
bradfordkyle11,com.kmbapps.classscheduler,SortByDialogFragment,onSortingKeySelected.(I)V,28
supernova-cmu,CV,CrossValidation,shuffle.(I)V,28
lluidesia,com.stfalcon.lostandfound.tabs,SlidingTabLayout,setCustomTabView.(II)V,28
Jumping-alien-W-and-M,jumpingalien.model,World,getProperXWindow.(I)I,30
caseyjames,assignment9,PriorityQueueHEAP,percolateDown.(I)V,43
WyattPearson,-,ReversiGame,flip.(II)V,29
clear2zero,com.ksy.media.player,BaseMediaPlayer,notifyOnInfo.(II)Z,28
martincameron,ibxm,Envelope,calculateAmpl.(I)I,28
zyq001,edu.bupt.zyq,ClimbingStairs,climbStairs.(I)I,81
clhernandez,cl.usach.lab1.rrhh.rmi.client,ClienteRrhhRMI,eliminarTrabajador.(I)Z,37
shareme,com.grottworkshop.gwsviewmodel.viewmodel,UserListViewModel,deleteUser.(I)V,37
shred,org.shredzone.feinrip.gui,NoListSelectionModel,setSelectionMode.(I)V,580
harithan81,com.lm.service,BookService,placeHoldOnBook.(I)Ljava/lang/Object;,33
jfeinstein10,com.jeremyfeinstein.slidingmenu.lib.app,SlidingFragmentActivity,setContentView.(I)V,36
MikeLydeamore,cofh.gui.client,GuiFriendsList,drawGuiContainerForegroundLayer.(II)V,30
TheTemportalist,com.temportalist.thaumicexpansion.common.tile,TEThaumicAnalyzer,setFacing.(I)Z,32
hpu-spring87,com.hpuvoice.app,ContentActivity,onPageSelected.(I)V,30
jeremux,serveur,GraphImpl,getCptMessage.(I)I,33
divinebooger,-,StdDrawPlus,show.(I)V,3459
jhonnybsg,br.com.gamezes.screens,PlayerSelectScreen,keyDown.(I)Z,42
azaky,ecc,ECPoint,toString.(I)Ljava/lang/String;,470
RedingG,com.reding.qrcard,WelcomeActivity,setCurDot.(I)V,43
yxsu,com.petuum.ps.thread,SSPRowRequestOpLogMgr,serverAcknowledgeVersion.(II)V,35
TBtomislav,jxl.write.biff,RowRecord,setOutlineLevel.(I)V,34
PunchApp,com.android.volley.toolbox,PoolingByteArrayOutputStream,write.(I)V,31
divinebooger,huglife,StdDraw,show.(I)V,101
dezouzart,service,SmartBusca,checaVisitados.(II)Z,30
Jumping-alien-W-and-M,jumpingalien.model,World,setYWindow.(I)V,28
Mandrivia,main,ProblemData,setNbTurn.(I)V,28
WyattPearson,-,Board,function.(I)I,42
shred,org.shredzone.feinrip.gui,NoListSelectionModel,setSelectionInterval.(II)V,205
divinebooger,huglife,HugLifeUtils,randomInt.(I)I,42
Jumping-alien-W-and-M,jumpingalien.model,World,getTilePos.(I)I,36
MikeLydeamore,powercrystals.core.gui.controls,ListBox,scrollTo.(I)V,33
tphoney,com.android.neverheardthat,Collection,getArtist.(I)Ljava/lang/Object;,34
tliu17,-,ClosedHashing,lookUp.(I)V,40
BoBinLee,com.skhu.service,SkhuBrdService,addQnABrd.(II)Z,37
AlecinVan,storm.ingress.tools,SlidingWindowCounter,slotAfter.(I)I,36
divinebooger,-,Board,occupy.(II)V,33
alexditu,ro.pub.cs.systems.pdsd.lab05.sample10listactivity.controller,CartoonAdapter,getItemViewType.(I)I,34
JsonHunt,com.squareup.okhttp.internal.spdy,Settings,getCurrentCwnd.(I)I,31
WyattPearson,ui,DrawPanel,resizeImage.(II)V,540
martincameron,micromod,Note,periodToKey.(I)I,274
pfyuit,com.pfyuit.myalgorithm.datastructure.tree,Heap,trickleUp.(I)V,29
fabiuz7,edu.umd.cloud9.util,ArrayListOfInts,contains.(I)Z,28
cyanskies,au.edu.deakin.ice.meltdown,SoundManager,resume.(I)V,29
martincameron,micromod,Note,transpose.(II)I,224
TheTemportalist,com.temportalist.thaumicexpansion.common.tile,TEThaumicAnalyzer,getAugmentedTime.(I)I,29
TBtomislav,jxl.write.biff,WritableWorkbookImpl,moveSheet.(II)Ljava/lang/Object;,29
tkleisas,org.teacake.monolith.apk,SoundPoolManager,stopSound.(I)V,28
chrisschroeder92,edu.augustana.csc490.phoenix,Bullet,checkOnScreen.(I)Z,28
Mandrivia,main,ProblemData,setAltitudeChanges.(III)V,38
bowser123467,com.dwarfscraft.musicbox,MusicThread,nextSong.(I)V,29
DShamaev,com.hikimori911.mylastfmclient.appinterface,MainMenuFragment,selectItem.(I)V,32
billcchung,tw.billchung.taiwancoffeeprices,MainActivity,onSectionAttached.(I)V,32
jordanywhite,edu.up.cs301.game.config,GameConfig,getSelType.(I)Ljava/lang/Object;,45
clhernandez,cl.usach.lab1.rrhh.rmi.client,ClienteRrhhRMI,getDepartamentoById.(I)Ljava/lang/Object;,41
mookie1097,mooklabs.ivdconnect,NavigationDrawerFragment,selectItem.(I)V,30
jglewis93,com.example.jon.restroomradar,SchemaContract,getLatitude.(I)D,29
eevans,SevenZip.Compression.LZ,OutWindow,GetByte.(I)B,35
alexditu,ro.pub.cs.systems.pdsd.lab05.addressbook.controller,ContactAdapter,setCheckedItemPosition.(I)V,26
igrief15,-,Position,occupy.(I)V,33
TBtomislav,jxl.write.biff,WritableWorkbookImpl,getLastExternalSheetIndex.(I)I,29
Jumping-alien-W-and-M,jumpingalien.model,World,getHash.(II)I,29
linsonzhao,video.app.autobahn,ByteBufferOutputStream,write.(I)V,37
immlf,ua.pp.lab101.synthesizercontrol.adregisters,ADRegister,clearBitByPosition.(I)V,45
Mandrivia,main,ProblemData,isTarget.(II)Z,30
frigidrain,scheduler,TaskGroup,setId.(I)V,29
divinebooger,-,StdDrawPlus,setPenColor.(III)V,104
niosus,com.learnit.learnit.fragments.learn_fragments,AbstractLearnFragment,fetchNewRandomWordsAsync.(I)V,28
divinebooger,huglife,StdDraw,setPenColor.(III)V,101
srivathsarao,com.vertexnet.realestate.model.tablemodel,SitesTableModel,isCellEditable.(II)Z,56
hpu-spring87,com.hpuvoice.fragment,NavigationDrawerFragment,selectItem.(I)V,29
srivathsarao,com.vertexnet.realestate.model.tablemodel,InstallmentsTableModel,isCellEditable.(II)Z,27
TomWerner,com.wernerapps.ezbongo.StopListing,ExpandableSwipeAdapter,getGroupId.(I)J,27
Notze,io.github.notze.redstoneswords,Events,toLevel.(II)I,74
martincameron,micromod,Macro,divide.(III)I,35
dheerajbsc,-,DepthFirstSearch,addEdge.(II)V,29
sheryanresutov,gui,GamePanel,setTimer.(I)V,29
martincameron,micromod,Macro,sqrt.(I)I,28
TheTemportalist,com.temportalist.thaumicexpansion.common.tile,TEThaumicAnalyzer,incrSide.(I)Z,29
sheryanresutov,gui,CardGrid,animateRemoveCard.(I)V,29
mithunkumarnallu,SchedulingAlgos,ProcessInfo,UpdateReadyQueueWaitTime.(I)V,27
martincameron,micromod,Channel,updateSampleIdx.(II)V,29
danvo,android.bignerdranch.com.criminalintent,DatePickerFragment,sendResult.(I)V,29
twitter,com.twitter.http2,HttpConnection,isLocalSideClosed.(I)Z,28
kinneyyan,com.yanshi.my36kr.common.view.slidingTab,SlidingTabLayout,setCustomTabView.(II)V,30
igorgatis,com.googlecode.compress_j2me.gzip,ZStream,writeInternal.(I)V,30
twitter,com.twitter.http2,HttpConnection,updateSendWindowSize.(II)I,30
aurora-lzzp,student,ClassMgr,delClass.(I)Z,27
krisnaru,-,PrimeNumbers,testManual.(I)V,565
martincameron,ibxm,Data,load.(II)V,68
linsonzhao,video.app.autobahn,WebSocketOptions,setReconnectInterval.(I)V,38
jfeinstein10,com.jeremyfeinstein.slidingmenu.lib.app,SlidingActivity,setBehindContentView.(I)V,30
RedingG,com.reding.qrcard,WelcomeActivity,onPageSelected.(I)V,30
compgen-io,io.compgen.common.io,PeekableInputStream,peek.(I)[B,49
AxelSilvestre,fr.sedara.pusher.model,Game,playerForward.(II)Z,32
TBtomislav,jxl.write.biff,RowRecord,setRowHeight.(I)V,32
immlf,ua.pp.lab101.synthesizercontrol.activity.accessory,ReadDataFromCSVFileActivity,checkTime.(III)Z,52
KenyStev,-,PalindromoAir,reset.(I)V,31
eevans,SevenZip.Compression.LZMA,Base,StateUpdateMatch.(I)I,35
thergbway,gui,MazeVisualizer,addAppropriateFlagIfPossible.(II)V,40
yxsu,com.petuum.ps.common.util,VectorClock,isUniqueMin.(I)Z,29
jhonnybsg,br.com.gamezes.screens,PlayerSelectScreen,keyUp.(I)Z,29
sheryanresutov,GameBackEnd,GameLobby,joinGame.(II)V,29
caseyjames,assignment5,MyLinkedList,get.(I)Ljava/lang/Object;,30
jlnunn2372,bubblePopper,ScoreBoardController,setHighScore.(I)V,29
ahielg,hebrewDate,CalendarUtils,getWeekdayOfHebrewDate.(III)I,29
jfeinstein10,com.jeremyfeinstein.slidingmenu.lib.app,SlidingPreferenceActivity,setBehindContentView.(I)V,27
supernova-cmu,CV,CrossValidationWithPruning,shuffle.(I)V,30
alexditu,ro.pub.cs.systems.pdsd.lab05.sample09baseadapter.controller,CartoonAdapter,getItemViewType.(I)I,31
mithunkumarnallu,SchedulingAlgos,ProcessInfo,DecrementProcessBurstTime.(I)I,838
jfeinstein10,com.jeremyfeinstein.slidingmenu.lib.app,SlidingActivityHelper,findViewById.(I)Ljava/lang/Object;,49
compgen-io,io.compgen.common,TallyCounts,incrementKey.(I)V,40
immlf,ua.pp.lab101.synthesizercontrol.adregisters,ADRegister,setStateByMask.(I)V,28
jhonnybsg,br.com.gamezes.screens,PlayerSelectScreen,scrolled.(I)Z,28
srivathsarao,com.vertexnet.realestate.model.tablemodel,LayoutsTableModel,isCellEditable.(II)Z,33
linsonzhao,video.app.autobahn,WebSocketOptions,setMaxMessagePayloadSize.(I)V,36
KenyStev,examen1labprg2,Empresa,extendsContract.(I)Z,30
DunnR,-,BinaryTree,add.(I)V,31
yxsu,com.petuum.ps.server,ServerRow,unsubscribe.(I)V,30
TBtomislav,jxl.biff.formula,Area3d,adjustRelativeCellReferences.(II)V,30
Sidereo,com.sidereo.paparazzi.adapter,PictureAdapter,getItemViewType.(I)I,30
Jumping-alien-W-and-M,jumpingalien.model,World,getProperYWindow.(I)I,29
liulinru13,mmrx.com.metrolayout,MetroView,onMeasure.(II)V,30
jhonnybsg,br.com.gamezes.screens,PlayerSelectScreen,mouseMoved.(II)Z,27
StefanCiotec,ro.pub.cs.systems.pdsd.lab05.sample09baseadapter.controller,CartoonAdapter,getItemViewType.(I)I,30
zhangruoxu,VC.CodeGen,Emitter,emitASTORE.(I)V,37
martincameron,micromod.compiler,AudioData,scale.(I)Lmicromod/compiler/AudioData;,30
leetea,com.androidexample.noisealert,SoundLevelView,setLevel.(II)V,40
jordanywhite,edu.up.cs301.othello,OthelloState,playDisk.(II)V,29
TheTemportalist,com.temportalist.thaumicexpansion.common.tile,TEThaumicAnalyzer,updateForTier.(I)V,28
netixx,fr.enst.infsi351.notedown.fragment,SideBySidePdfRendererFragment,renderMarkers.(I)V,28
martincameron,ibxm,Data,uByte.(I)I,33
phil132,de.gistribution.beuth.phil.gistribution_v1,NavigationDrawerFragment,selectItem.(I)V,28
eungju,cylon.creole,CreoleMarkupBuilder,charAt.(I)C,34
voodoodyne,org.subethamail.smtp.server,SMTPServer,setMaxRecipients.(I)V,26
gpfjeff,com.gpfcomics.android.ppp,Cardset,isValidCardNumber.(I)Z,28
hpu-spring87,com.hpuvoice.XlistView,XListView,resetHeaderHeight.(I)V,28
Rothens,hu.rothens.qlib.model,Quest,setRequest.(II)V,28
caseyjames,assignment5,MyLinkedList,remove.(I)Ljava/lang/Object;,28
double0291,com.android.volley.toolbox,PoolingByteArrayOutputStream,expand.(I)V,27
bradfordkyle11,com.kmbapps.classscheduler,ClassLoader,releaseColor.(II)V,26
harrydet,com.example.harry.wakeup,MainScreen,onListItemSelected.(I)V,25
srivathsarao,com.vertexnet.realestate.model.tablemodel,PaymentPlansTableModel,isCellEditable.(II)Z,31
sudobash1,pbsc,PbscCompiler,generateSymTabComment.(II)Ljava/lang/Object;,27
vdzundza,main,HashMap,getIndex.(I)I,28
clear2zero,com.ksy.media.widget,MediaPlayerBaseControllerView,show.(I)V,31
Mandrivia,main,ProblemData,getAltitudeChanges.(II)I,28
yxsu,com.petuum.ps.server,Server,getBgVersion.(I)I,29
ahielg,hebrewDate,CalendarUtils,gimatria.(I)Ljava/lang/Object;,28
jglewis93,com.example.jon.restroomradar,SchemaContract,getTitle.(I)Ljava/lang/Object;,27
tkleisas,org.teacake.monolith.apk,SoundPoolManager,playSound.(I)V,29
clhernandez,cl.usach.lab1.rrhh.rmi.client,ClienteRrhhRMI,eliminarCargo.(I)Z,29
ronenfilho,com.imagery.imagerymedical,FullScreenViewActivity,adjustImageAspect.(II)V,51
dumchikov,com.grumoon.pulllistview,PullListView,canScroll.(I)Z,30
TymchenkoIvan,com.company.web.controller,ProductsServlet,setPages.(II)I,32
eevans,SevenZip.Compression.LZMA,Decoder,SetLcLpPb.(III)Z,32
yitaohu,cs61b_project1,PixImage,getBlue.(II)S,31
yxsu,com.petuum.ps.common.util,VectorClock,addClock.(II)V,30
jeremux,serveur,TreeImpl,getCptMessage.(I)I,29
jlnunn2372,bubblePopper,ScoreBoardController,addScoreToList.(II)V,30
igorgatis,com.googlecode.compress_j2me.gzip,ZStream,byteAtDistance.(I)I,36
sephiroth74,it.sephiroth.android.library.overlaymenu,OverMenuView,setDefaultPosition.(I)V,30
sheryanresutov,gui,CardGrid,setGameID.(I)V,27
fabiuz7,edu.umd.cloud9.util,ArrayListOfInts,set.(II)I,28
jhonnybsg,br.com.gamezes.screens,PlayerSelectScreen,touchUp.(IIII)Z,28
phdabel,ufrgs.maslab.abstractsimulator.variables,FireStation,act.(I)V,46
lluidesia,com.stfalcon.lostandfound.tabs,SlidingTabLayout,scrollToTab.(II)V,30
clrung,-,Heap,parent.(I)I,28
TBtomislav,jxl.biff,FormattingRecords,getNumberFormat.(I)Ljava/lang/Object;,30
voodoodyne,org.subethamail.smtp.io,ExtraDotOutputStream,write.(I)V,29
niosus,com.learnit.learnit.activities,HomeworkActivity,removeWordFromActiveList.(I)V,29
jordanywhite,edu.up.cs301.game.config,GameConfig,getSelName.(I)Ljava/lang/Object;,29
martincameron,ibxm,Data,sByte.(I)B,36
gpfjeff,com.gpfcomics.android.ppp,Cardset,fitsMaxCardWidth.(II)Z,29
divinebooger,-,StdDrawDemo,drawBoard.(I)V,36
yxsu,com.petuum.ps.server,CallBackSubs,subscribe.(I)Z,28
frontiertsymbal,com.frontier.giphy.utils,CircularViewPagerHandler,onPageScrollStateChanged.(I)V,38
eevans,SevenZip.Compression.LZMA,Base,StateUpdateShortRep.(I)I,32
nicolas-legroux,-,GraphBuilder,isPart.(IIII)Z,28
kinneyyan,com.yanshi.my36kr.adapter.index,FeedAdapter,getItemViewType.(I)I,28
naver,com.naver.android.rotatableviewsample,MainActivity,roundOrientation.(II)I,28
TheTemportalist,com.temportalist.thaumicexpansion.common.tile,TEThaumicAnalyzer,decrSide.(I)Z,28
luizrogeriocn,-,ListaDeCantinas,getEstoqueByPort.(I)I,28
clhernandez,cl.usach.lab1.finanzas.rmi.client,ClienteFinanzasRMI,eliminarOrden.(I)Z,28
Jumping-alien-W-and-M,jumpingalien.model,World,getTilePos.(I)I,28
PrudhviRaju123,akron.zippy.app,HomeScreen21,displayView.(I)V,27
bitcrystal,de.bitcrystal.decentralizedexchange.security,BitCrystalKeyGenerator,getPasswordIterations.(I)I,36
niosus,com.learnit.learnit.fragments.learn_fragments,AbstractLearnFragment,onAnimationStarted.(II)V,27
JsonHunt,com.squareup.okhttp.internal.spdy,Settings,getUploadBandwidth.(I)I,26
immlf,ua.pp.lab101.synthesizercontrol.activity.accessory,ReadDataFromCSVFileActivity,getTimeInSeconds.(III)I,27
zhangruoxu,VC.CodeGen,Emitter,emitILOAD.(I)V,35
abraxasson,at.abraxas.amarino.example.plugin.compass,MyEditActivity,getRate.(I)I,44
sheryanresutov,GameBackEnd,GameLobby,findPlayer.(I)Ljava/lang/Object;,28
linsonzhao,video.app.com.views,ScallingImageView,resolveAdjustedSize.(III)I,29
eevans,SevenZip.Compression.LZMA,Base,StateUpdateRep.(I)I,32
jordanywhite,edu.up.cs301.game.config,GameConfig,setRemoteSelType.(I)V,33
GugleGH,ru.nosov.server.db.tables.logic,UsersTypesDAOImpl,getUsersTypesById.(I)Ljava/lang/Object;,27
clrung,-,Heap,heapifyUp.(I)V,33
netixx,fr.enst.infsi351.notedown.util,PdfEngine,prepareRender.(I)Z,28
TheTemportalist,com.temportalist.thaumicexpansion.common.tile,TEThaumicAnalyzer,canOutput_Item.(I)Z,28
rsv355,beap.webmyne.com.demotabbar,MainActivity,selectTAB.(I)V,27
KenyStev,ChessChaturanga.Logica.Pieces,Elephant,validMovement.(II)Z,27
isince,com.ndsince.dictsv.Adapter,CustomAdapter,upDateFavoriteslist.(I)V,26
zlim,jnt.scimark2,FFT,log2.(I)I,121
eevans,SevenZip.Compression.LZMA,Base,GetLenToPosState.(I)I,32
boulderalf,com.boulderalf.markdown2mm,ToMmSerializer,createNode.(I)Ljava/lang/Object;,34
Jumping-alien-W-and-M,jumpingalien.model,World,setWindowHeight.(I)V,26
KenyStev,ChessChaturanga.Logica.Pieces,Advisor,validMovement.(II)Z,26
yitaohu,cs61b_project1,PixImage,getRed.(II)S,27
jfeinstein10,com.jeremyfeinstein.slidingmenu.lib.app,SlidingListActivity,setContentView.(I)V,26
pinguo-zhangshuchun,kari.com.org.camerademo,CameraActivity,changeCameraZoom.(I)V,28
martincameron,micromod,Macro,transpose.(III)I,27
josinmartinez,Pruebas.LocalSearch,EightQueens,violations.(I)I,34
billcchung,tw.billchung.taiwancoffeeprices,NavigationDrawerFragment,selectItem.(I)V,28
luizrogeriocn,-,ListaDeCantinas,removerReferencia.(I)V,27
tkleisas,org.teacake.monolith.apk,HighScoreTable,isHighScore.(I)Z,27
igorgatis,com.googlecode.compress_j2me.lzc,LZCOutputStream,writeBuffer.(I)V,27
daniellebryant,edu.augustana.csc490.individualgame,GamePiece,contains.(II)Z,28
clear2zero,com.ksy.media.player,BaseMediaPlayer,notifyOnVideoSizeChanged.(IIII)V,28
clear2zero,com.ksy.media.widget,MediaPlayerMovieRatioView,show.(I)V,31
JsonHunt,com.squareup.okhttp.internal.spdy,Settings,getDownloadRetransRate.(I)I,26
lorinczpatrik,tema2_TP,Simulator,closeHandler.(I)V,28
divinebooger,huglife,StdDraw,setCanvasSize.(II)V,94
luizrogeriocn,-,ListaDeCantinas,buscarEstoque.(I)I,28
Mandrivia,main,ProblemData,setCoverageRadius.(I)V,27
srivathsarao,com.vertexnet.realestate.model.tablemodel,CustomersTableModel,getValueAt.(II)Ljava/lang/Object;,29
frigidrain,scheduler,TaskGroup,setDuration.(I)V,27
immlf,ua.pp.lab101.synthesizercontrol.activity.main,MainActivity,onModeSelected.(I)V,28
eevans,SevenZip.Compression.LZMA,Base,StateIsCharState.(I)Z,31
hpu-spring87,com.hpuvoice.fragment,ChatFragment,isDeletePng.(I)Z,28
JsonHunt,com.squareup.okhttp.internal.spdy,Settings,getClientCertificateVectorSize.(I)I,26
clhernandez,cl.usach.lab1.rrhh.rmi.client,ClienteRrhhRMI,getCargoById.(I)Ljava/lang/Object;,28
sheryanresutov,gui,CardGrid,removeCard.(II)V,28
unaveed,asteroids,Debris,createDebris.(I)Ljava/lang/Object;,28
JsonHunt,org.apache.cordova,CordovaBridge,jsSetNativeToJsBridgeMode.(II)V,28
Tibolte,is.arontibo.library.VectorCompat,DrawableCompat,setHotspotBounds.(IIII)V,26
stickfigure,unsuck.security,BCrypt,gensalt.(I)Ljava/lang/String;,1634
KenyStev,com.ZeroStudio.Algorimos.week1,QuickUnionUF,union.(II)V,40
hpu-spring87,com.hpuvoice.XlistView,XListViewFooter,setState.(I)V,31
AdaptiveSystem,com.movie.worth.dao,Ratings,checkIfThisUserRatedThisMovie.(II)Ljava/lang/Object;,33
fabiuz7,edu.umd.cloud9.util,ArrayListOfFloats,remove.(I)F,31
mithunkumarnallu,SchedulingAlgos,ProcessInfo,WaitForIO.(I)V,30
srivathsarao,com.vertexnet.realestate.model.tablemodel,AgentsTableModel,getValueAt.(II)Ljava/lang/Object;,32
tkleisas,org.teacake.monolith.apk,LinearInterpolator,getValue.(I)F,33
WyattPearson,ui,DrawPanel,setSize.(II)V,118
fabiuz7,edu.umd.cloud9.util,ArrayListOfInts,get.(I)I,31
sivang,org.kde.necessitas.origo,QtActivity,onCreatePanelView.(I)Ljava/lang/Object;,31
KenyStev,-,BinaryStdOut,writeByte.(I)V,72
fabiuz7,edu.umd.cloud9.util,ArrayListOfInts,shiftLastNToTop.(I)V,38
mtudora,com.application.timmy.ui,OfficeMapView,onMeasure.(II)V,30
igrief15,-,Board,occupy.(II)V,30
linsonzhao,video.app.com.views,ScallingImageView,onMeasure.(II)V,31
hpu-spring87,com.hpuvoice.XlistView,XListViewFooter,setBottomMargin.(I)V,35
fabiuz7,edu.priceton.cs.graph,DigraphGenerator,tournament.(I)Ljava/lang/Object;,32
eevans,SevenZip.Compression.LZ,InWindow,ReduceOffsets.(I)V,30
MikeLydeamore,cofh.gui.client,GuiFriendsList,mouseClicked.(III)V,31
Kevin-unipe,data.br,Data,setDia.(I)V,39
jfeinstein10,com.jeremyfeinstein.slidingmenu.lib.app,SlidingMapActivity,setContentView.(I)V,28
SvenDub,nl.svendubbeld.car.activity,CarActivity,onGpsStatusChanged.(I)V,28
cyanskies,au.edu.deakin.ice.meltdown,SoundManager,pause.(I)V,37
tecnomatico,com.freelancersteam.www.java.tomafoto.dominio.dao.imp,EmpleadoDaoImp,getEmpleadoDni.(I)Ljava/lang/Object;,29
ahielg,hebrewDate,CalendarUtils,getJewishMonthName.(II)Ljava/lang/Object;,32
Mandrivia,main,ProblemData,getScoreBalloon.(II)I,31
fabiuz7,edu.umd.cloud9.util,ArrayListOfInts,add.(I)V,29
AlecinVan,storm.ingress.kafka,StaticPartitionConnections,getConsumer.(I)Ljava/lang/Object;,29
netixx,fr.enst.infsi351.notedown.fragment,SideBySidePdfRendererFragment,clearMarkers.(I)V,30
pfyuit,com.pfyuit.myalgorithm.datastructure.hash,HashTable,hashFunc.(I)I,30
jlnunn2372,main.java.bubblePopper,ScoreBoardController,setScore.(I)V,28
martincameron,micromod,Note,keyToString.(I)Ljava/lang/String;,62
pfyuit,com.pfyuit.myalgorithm.datastructure.tree,Heap,trickleDown.(I)V,28
KenyStev,-,PalindromoAir,printPassengers.(I)V,30
voxelcarrot,io.bunnies.fractalmaps.view,FractalView,onSizeChanged.(IIII)V,30
Jumping-alien-W-and-M,jumpingalien.model,World,setWindowWidth.(I)V,27
kinneyyan,com.yanshi.my36kr.common.view.slidingTab,SlidingTabLayout,scrollToTab.(II)V,29
immlf,ua.pp.lab101.synthesizercontrol.adregisters,ADRegister,clearStateByMask.(I)V,28
fabiuz7,edu.umd.cloud9.util,ArrayListOfInts,add.(II)V,41
jfeinstein10,com.jeremyfeinstein.slidingmenu.lib.app,SlidingMapActivity,findViewById.(I)Ljava/lang/Object;,29
divinebooger,-,Calculator,printHistory.(I)V,32
WyattPearson,ui,DrawPanel,setBounds.(IIII)V,114
linsonzhao,video.app.autobahn,ByteBufferOutputStream,expand.(I)V,29
divinebooger,-,Board,unoccupy.(II)V,27
tliu17,-,OpenHashing,printTable.(I)V,42
sheryanresutov,GameBackEnd,GameBoard,processSubmit.(III)I,29
raphapacheco,br.com.backapp.finfacil.activity.spinner_adapter,CategoriaSpinnerAdapter,getItemId.(I)J,27
zhangruoxu,VC.CodeGen,Emitter,emitALOAD.(I)V,36
StefanCiotec,ro.pub.cs.systems.pdsd.lab05.sample11listfragment.controller,CartoonAdapter,getItemViewType.(I)I,38
jordanywhite,edu.up.cs301.game.config,GameConfig,removePlayer.(I)V,33
ey-,com.aje.logic16.app.serverApi,api,getScore.(I)Ljava/lang/Object;,29
aurora-lzzp,student,ClassMgr,setClassMgrid.(I)V,29
tliu17,-,MatrixGraph,addEdge.(II)V,34
igorgatis,com.googlecode.compress_j2me.gzip,ZStream,checkNoEOF.(I)V,35
coronalabs,plugin.google.iap.v3.util,IabHelper,getResponseDesc.(I)Ljava/lang/Object;,28
twitter,com.twitter.http2,HttpConnection,updateAllSendWindowSizes.(I)V,27
jordanywhite,edu.up.cs301.othello,OthelloState,getDisk.(II)Ljava/lang/Object;,30
clrung,-,Heap,heapifyDown.(I)V,29
WyattPearson,-,HailstoneGenerator,hailstone.(I)I,34
DHIS2,org.dhis2.mobile.utils.date.expiryday,SixMonthlyExpiryDayValidator,monthOfYear.(I)I,34
JsonHunt,com.squareup.okhttp.internal.spdy,Settings,getMaxConcurrentStreams.(I)I,28
endangh,p9.c,ArraysMatakuliah,deleteByIndeks.(I)V,30
voodoodyne,org.subethamail.smtp.io,ThresholdingOutputStream,checkThreshold.(I)V,183
fabiuz7,edu.umd.cloud9.util,ArrayListOfInts,ensureCapacity.(I)V,33
ey-,com.aje.logic16.app.GameLogic,GameLogic,buttonClicked.(I)V,31
WyattPearson,client,GameController,place.(II)V,30
bmzhao,-,UtopianTree,UtopiaTree.(I)I,29
divinebooger,-,Piece,move.(II)V,38
lorinczpatrik,tema2_TP,Simulator,addClients.(I)V,30
tliu17,-,ListGraph,areNeighbors.(II)Z,35
twitter,com.twitter.http2,HttpConnection,getPendingWrite.(I)Ljava/lang/Object;,30
immlf,ua.pp.lab101.synthesizercontrol.ftdiconverter,DataConverter,returnClearBitMask.(I)B,29
clhernandez,cl.usach.lab1.finanzas.rmi.client,ClienteFinanzasRMI,eliminarOrdenProducto.(I)Z,30
MikeLydeamore,cofh.item,ItemBase,getIconFromDamage.(I)Ljava/lang/Object;,29
itot0103,ocha.itolab.koala.applet.koalaview,VectorParettePanel,draw.(I)V,30
pfyuit,com.pfyuit.myalgorithm.datastructure.hash,HashTable,find.(I)Lcom/pfyuit/myalgorithm/datastructure/hash/HashTable$DataItem;,30
beast1944,com.andreikushner.finana.app,NavigationDrawerFragment,selectItem.(I)V,28
tliu17,-,ListGraph,addEdge.(II)V,33
WyattPearson,-,HailstoneGUI,record.(II)V,29
Mandrivia,main,ProblemData,setnX.(I)V,26
daniellebryant,edu.augustana.csc490.individualgame,GamePiece,setOwner.(I)V,29
voodoodyne,org.subethamail.smtp.server,SMTPServer,setMaxMessageSize.(I)V,27
patriciocordova,io.vov.vitamio.widget,CenterLayout,onMeasure.(II)V,31
vdzundza,main,HashMap,get.(I)Ljava/lang/Object;,30
nicolas-legroux,-,GraphBuilder,addPartsOfSize.(II)V,29
srivathsarao,com.vertexnet.realestate.model.tablemodel,AgentsTableModel,isCellEditable.(II)Z,33
clhernandez,cl.usach.lab1.finanzas.rmi.client,ClienteFinanzasRMI,getClienteById.(I)Ljava/lang/Object;,28
shred,org.shredzone.feinrip.gui,JLabelGroup,setMinimumWidth.(I)V,131
jfedor2,org.jfedor.nxtremotecontrol,SquareImageButton,onMeasure.(II)V,29
clear2zero,com.ksy.media.widget,MediaPlayerView,requestPlayMode.(I)Z,29
alexditu,ro.pub.cs.systems.pdsd.lab05.addressbook.controller,ContactAdapter,getItemViewType.(I)I,28
phdabel,ufrgs.maslab.abstractsimulator.variables,FireStation,clusteringMain.(I)V,33
bashizip,com.bashizip.andromed,QuotesActivity,displayQuote.(I)V,33
jhonnybsg,br.com.gamezes.presenter,GameStartScreenPresenter,virifyMove.(I)V,40
gpfjeff,com.gpfcomics.android.ppp,Cardset,setLastCard.(I)V,32
clear2zero,com.ksy.media.widget,MediaPlayerControllerVolumeView,setVolume.(I)V,31
pfyuit,com.pfyuit.myalgorithm.datastructure.graph,PriorityQueue,trickleDown.(I)V,29
clear2zero,com.ksy.media.data,MediaPlayerUtils,isWindowMode.(I)Z,31
clhernandez,cl.usach.lab1.db.DAO.rrhh,CargoDAO,getCargoById.(I)Ljava/lang/Object;,30
JsonHunt,com.squareup.okhttp.internal.spdy,Settings,getRoundTripTime.(I)I,26
yxsu,com.petuum.ps.thread,SSPRowRequestOpLogMgr,opLogIterInit.(II)Ljava/lang/Object;,29
jglewis93,com.example.jon.restroomradar,SchemaContract,getDescription.(I)Ljava/lang/Object;,30
TheTemportalist,com.temportalist.thaumicexpansion.common.tile,TEThaumicAnalyzer,receiveGuiNetworkData.(II)V,29
divinebooger,huglife,HugLife,simulate.(II)V,35
sheryanresutov,gui,Card,getID.(I)I,135
jordanywhite,edu.up.cs301.othello,OthelloState,setTurn.(I)V,29
CaptainSpam,net.exclaimindustries.drivelapse,DriveLapse,switchButtonStates.(I)V,28
markcwal,com.codepath.apps.basictwitter,TimelineActivity,customLoadMoreDataFromApi.(I)V,29
sheryanresutov,gui,GamePanel,addCard.(I)V,27
Mandrivia,main,ProblemData,setNbBalloon.(I)V,26
DHIS2,org.dhis2.mobile.utils.date.expiryday,SixMonthlyAprilExpiryDayValidator,monthOfYear.(I)I,34
stickfigure,unsuck.lang,DateUtil,birthFloor.(I)Ljava/lang/Object;,29
alero,org.hrodberaht.i18n.formatter,NumberFormatter,validatePosition.(IIII)Z,46
tliu17,-,ListGraph,getNeighbors.(I)Ljava/util/List;,27
divinebooger,huglife,StdDraw,isKeyPressed.(I)Z,97
igorgatis,com.googlecode.compress_j2me.lzc,LZCStream,readCode.(I)I,32
luizrogeriocn,-,ListaDeCantinas,adicionarReferencia.(II)V,27
tkleisas,org.teacake.monolith.apk,SoundPoolManager,startMusic.(I)V,29
frigidrain,scheduler,TaskGroup,setValue.(I)V,30
KenyStev,Zero.Studio.Gato,Gato,setX.(II)V,218
igrief15,-,Player,move.(I)I,47
twitter,com.twitter.http2,HttpHeaderBlockEncoder,setDecoderMaxHeaderTableSize.(I)V,33
ahielg,hebrewDate,CalendarUtils,hebrewLeapYear.(I)Z,30
voodoodyne,org.subethamail.smtp.io,ThresholdingOutputStream,write.(I)V,28
caseyjames,FinalProject,PriorityQueueHEAP,percolateDown.(I)V,41
yxsu,com.petuum.ps.server,Server,addClientBgPair.(II)V,29
fabiuz7,edu.umd.cloud9.util,ArrayListOfInts,indexOf.(I)I,27
jalpan-randeri,model,Dataset,getPoint.(I)Ljava/lang/Object;,30
KenyStev,com.ZeroStudio.Algorimos.week1,WeightedQuickUnionUF,connected.(II)Z,43
TheTemportalist,com.temportalist.thaumicexpansion.common.block,BlockThaumicAnalyzer,getRotation.(I)I,29
sheryanresutov,GameBackEnd,GameBoard,removeSet.(III)V,28
roma,com.rakuten.rit.roma.romac4j.connection,RomaSocketPool,init.(IIII)V,28
cyanskies,au.edu.deakin.ice.meltdown,SoundManager,load.(I)I,30
nemui,deep.dark.lonebrewer,LBWFCompanionConfigActivity,startColourPicking.(I)V,26
nutgaard,no.utgdev.nfpa,DiamondSettingsPanel,selectByState.(II)V,28
mtudora,com.application.timmy.ui,OfficeMapView,measure.(I)I,28
clhernandez,cl.usach.lab1.db.DAO.finanzas,ClienteDAO,eliminarCliente.(I)Z,28
hpu-spring87,com.hpuvoice.XlistView,XListViewHeader,setState.(I)V,33
jn222na,com.example.DAL,CRUD,getTask.(I)Ljava/lang/Object;,30
zhangruoxu,VC.Scanner,SourceFile,inspectChar.(I)C,29
tkleisas,org.teacake.monolith.apk,SoundPoolManager,stopMusic.(I)V,26
spiritistz,com.wordpress.hifilmtheapp,MainActivity,getOutputMediaFile.(I)Ljava/lang/Object;,29
shred,org.shredzone.feinrip.gui,NoListSelectionModel,addSelectionInterval.(II)V,28
divinebooger,huglife,HugLife,simulate.(I)V,34
twitter,com.twitter.http2,HttpConnection,isRemoteSideClosed.(I)Z,30
srivathsarao,com.vertexnet.realestate.model.tablemodel,SitePaymentTableModel,isCellEditable.(II)Z,28
sheryanresutov,gui,CardGrid,removeCard.(I)V,29
StefanCiotec,ro.pub.cs.systems.pdsd.lab05.sample10listactivity.controller,CartoonAdapter,getItemId.(I)J,27
clear2zero,com.ksy.media.data,MediaPlayerUtils,isFullScreenMode.(I)Z,29
gpfjeff,com.gpfcomics.android.ppp,Cardset,calculateCardWdith.(II)I,27
sheryanresutov,gui,GamePanel,removePlayer.(I)V,28
zhangruoxu,VC.CodeGen,Frame,pop.(I)V,35
DunnR,-,BinaryTree,search.(I)Z,39
clhernandez,cl.usach.lab1.db.DAO.rrhh,DepartamentoDAO,eliminarDepartamento.(I)Z,29
PunchApp,com.android.volley.toolbox,ByteArrayPool,getBuf.(I)[B,49
TBtomislav,jxl.write.biff,WritableWorkbookImpl,getExternalSheetIndex.(I)I,29
alexditu,ro.pub.cs.systems.pdsd.lab05.addressbook.controller,ContactAdapter,getItemId.(I)J,28
nikit-cpp,player,CustomPlayer,play.(I)Z,32
linsonzhao,video.app.autobahn,WebSocketOptions,setMaxFramePayloadSize.(I)V,36
jfeinstein10,com.jeremyfeinstein.slidingmenu.lib.app,SlidingPreferenceActivity,findViewById.(I)Ljava/lang/Object;,30
lorinczpatrik,tema2_TP,Simulator,setVal.(I)V,27
TBtomislav,jxl.write.biff,WritableWorkbookImpl,removeSheet.(I)V,35
sheryanresutov,gui,GamePanel,decreaseScore.(I)V,26
yxsu,com.petuum.ps.common.util,VectorClock,tick.(I)I,30
immlf,ua.pp.lab101.synthesizercontrol.ftdiconverter,DataConverter,returnSetBitMask.(I)B,27
sheryanresutov,gui,GamePanel,increaseScore.(I)V,29
igorgatis,com.googlecode.compress_j2me.lzc,LZCOutputStream,compress.(I)V,29
Jumping-alien-W-and-M,jumpingalien.model,World,getProperYWindow.(I)I,29
mtudora,com.application.timmy.ui,OfficeMapView,onSizeChanged.(IIII)V,29
GugleGH,ru.nosov.SMSreader.db.adapters,AdapterPSTv1,getItemId.(I)J,27
jhonnybsg,br.com.gamezes.screens,PlayerSelectScreen,touchDown.(IIII)Z,28
clrung,-,Heap,right.(I)I,32
netixx,fr.enst.infsi351.notedown.fragment,SideBySidePdfRendererFragment,showPage.(II)V,52
kinneyyan,com.yanshi.my36kr.activity,MainActivity,selectItem.(I)V,47
martincameron,micromod,Instrument,setVolume.(I)V,59
clrung,-,Heap,left.(I)I,28
twitter,com.twitter.http2,HttpConnection,getReceiveWindowSizeLowerBound.(I)I,29
sheryanresutov,GameBackEnd,Game,disconnectPlayer.(I)V,33
voodoodyne,org.subethamail.smtp.server,SMTPServer,setMaxConnections.(I)V,30
IMORALESNW,com.nubware.healthyapp,ApplicationStep2,onExit.(I)V,28
isince,com.ndsince.dictsv.Adapter,CustomAdapter,getItemId.(I)J,28
voodoodyne,org.subethamail.smtp.server,SMTPServer,setPort.(I)V,27
eevans,SevenZip.Compression.LZ,InWindow,GetIndexByte.(I)B,29
alexditu,ro.pub.cs.systems.pdsd.lab05.sample11listfragment.controller,CartoonAdapter,getItemId.(I)J,27
Trololoshe4ki,-,Proba3,deleteVertex.(I)V,29
yxsu,com.petuum.ps.server,CallBackSubs,unsubscribe.(I)Z,29
zlim,jnt.scimark2,MonteCarlo,num_flops.(I)D,29
jfeinstein10,com.jeremyfeinstein.slidingmenu.lib.app,SlidingMapActivity,setBehindContentView.(I)V,28
fabiuz7,edu.umd.cloud9.util,ArrayListOfShorts,remove.(I)S,29
yojek,com.sflow.jmx,SFlowAgent,dsIndex.(I)V,27
sheryanresutov,GameBackEnd,GameLobby,createGame.(I)Ljava/lang/Object;,29
abraxasson,at.abraxas.amarino.plugins.compass,EditActivity,getRate.(I)I,45
stefanil,org.devel.jfxcontrols.scene.control.skin.animation,VelocityTracker,computeCurrentVelocity.(I)V,28
sephiroth74,it.sephiroth.android.library.overlaymenu,OverMenuView,createMenuOverlay.(I)V,28
NanodegreeStudent,com.danilaeremin.nicecoffee.Adapters,ProductCellAdapter,getProduct.(I)Ljava/lang/Object;,28
fabiuz7,edu.umd.cloud9.util,ArrayListOfShorts,ensureCapacity.(I)V,30
alkatena,aviones.modelo,ScoreMax,esMayorElPuntaje.(I)Z,33
Mandrivia,main,ProblemData,setNbTarget.(I)V,28
TBtomislav,jxl.biff.formula,CellReference3d,adjustRelativeCellReferences.(II)V,29
lydiaSidhom,Engine,Shifter,shift.(I)V,71
TheTemportalist,com.temportalist.thaumicexpansion.common.tile,TEThaumicAnalyzer,getAugmentedEnergy.(I)I,30
martincameron,ibxm,Sample,normaliseSampleIdx.(I)I,130
DShamaev,com.hikimori911.mylastfmclient.appinterface,MainMenuAdapter,getItemViewType.(I)I,29
PunchApp,com.android.volley.mock,MockHttpClient,setErrorCode.(I)V,27
yojek,com.sflow.jmx,SFlowAgent,pad.(I)I,27
KenyStev,LabProgra2,Residencial,InformacionCasa.(I)Z,28
martincameron,micromod.compiler,AudioData,setSamplingRate.(I)V,27
clear2zero,com.ksy.media.widget,MediaPlayerView,convertAngle2Orientation.(I)I,28
pfyuit,com.pfyuit.myalgorithm.datastructure.graph,PriorityQueue,trickleUp.(I)V,34
clhernandez,cl.usach.lab1.db.DAO.rrhh,TrabajadorDAO,eliminarTrabajador.(I)Z,28
bhargavchippada,clickr,LoginPage,updateSharedPref.(I)V,32
sheryanresutov,GameBackEnd,Game,addPlayerToSB.(I)Ljava/lang/Object;,28
TheTemportalist,com.temportalist.thaumicexpansion.common.block,BlockThaumicAnalyzer,damageDropped.(I)I,27
abraxasson,at.abraxas.amarino.plugins.accelerometer,EditActivity,getRate.(I)I,55
Mandrivia,main,ProblemData,isCovered.(I)I,38
clear2zero,com.ksy.media.player,BaseMediaPlayer,notifyOnBufferingUpdate.(I)V,43
TheTemportalist,com.temportalist.thaumicexpansion.common.tile,TEThaumicAnalyzer,rotateDirectlyTo.(I)V,28
asutoshpalai,server,HTTPServer,runServer.(I)V,62
frigidrain,scheduler,TaskGroup,setDifficulty.(I)V,27
Jumping-alien-W-and-M,jumpingalien.model,World,setXWindow.(I)V,27
RomanStoyko,com.storoman.app,MainActivity,delayedHide.(I)V,28
Kevin-unipe,data.br,Data,setMes.(I)V,37
The-WUUSTER,markov,monteCarlo,indexLookup.(I)I,30
igorgatis,com.googlecode.compress_j2me.lzc,LZCOutputStream,writeCode.(II)V,31
TBtomislav,jxl.format,Colour,getInternalColour.(I)Ljava/lang/Object;,29
igorgatis,com.googlecode.compress_j2me.gzip,ZStream,writeBits.(II)V,35
isince,com.ndsince.dictsv.Adapter,CustomAdapter,menuListDialogAction.(II)V,27
jfeinstein10,com.jeremyfeinstein.slidingmenu.lib.app,SlidingActivity,setContentView.(I)V,27
neureal,org.noo4j.daemon,BtcDaemon,startListening.(III)V,27
RedingG,com.reding.qrcard,WelcomeActivity,onPageScrollStateChanged.(I)V,28
clhernandez,cl.usach.lab1.finanzas.rmi.client,ClienteFinanzasRMI,getProductoById.(I)Ljava/lang/Object;,27
NanodegreeStudent,com.danilaeremin.nicecoffee.Adapters,SubcategoryAdapter,getCategory.(I)Ljava/lang/Object;,27
hpu-spring87,com.hpuvoice.app,ChatActivity,isDeletePng.(I)Z,27
jeremux,serveur,GraphImpl,aRecu.(I)Z,28
TheTemportalist,com.temportalist.thaumicexpansion.common.block,BlockThaumicAnalyzer,getIcon.(II)Ljava/lang/Object;,28
alkatena,aviones.modelo,ScoreMax,actualizarPuntaje.(I)V,31
Mandrivia,main,ProblemData,setnZ.(I)V,26
frontiertsymbal,com.frontier.giphy.utils,CircularViewPagerHandler,handleScrollState.(I)V,30
double0291,com.android.volley.toolbox,PoolingByteArrayOutputStream,write.(I)V,28
butlersrepos,dungeonDigger.entities.templates,ZombieTemplate,newMovement.(I)I,30
Jumping-alien-W-and-M,jumpingalien.model,World,setWindowHeight.(I)V,27
JsonHunt,com.squareup.okhttp.internal.spdy,Settings,getDownloadBandwidth.(I)I,27
dcapwell,com.github.dcapwell.java.file.operations,NIOChmod,convertToPermissionsSet.(I)Ljava/lang/Object;,38
harrydet,com.example.harry.wakeup.adapters,ListTaskListAdapter,getItemId.(I)J,27
igrief15,-,Board,drawBoard.(II)V,309
Tyrtle,trevorwarner.individualgame,UpgradesShop,increasePrice.(II)I,32
divinebooger,ngordnet,NGramMap,getRecord.(I)Ljava/lang/Object;,27
twitter,com.twitter.http2,HttpConnection,updateReceiveWindowSize.(II)I,28
clhernandez,cl.usach.lab1.finanzas.rmi.client,ClienteFinanzasRMI,eliminarCliente.(I)Z,28
chanueting,be.ac.ulg.montefiore.run.jahmm.learn,BaumWelchLearner,setNbIterations.(I)V,28
sarvex,com.sarvex.snow,PlaybackOverlayFragment,updatePlaybackRow.(I)V,27
TBtomislav,jxl.write.biff,RowRecord,removeCell.(I)V,28
TomWerner,com.wernerapps.ezbongo.StopListing,ExpandableSwipeAdapter,getChildrenCount.(I)I,28
sheryanresutov,GameBackEnd,Game,setLock.(I)V,28
sheryanresutov,GameBackEnd,Game,leave.(I)V,26
stefanil,com.jsyn.examples,DualOscilloscope,startAudio.(I)V,27
vcsupser,io.netty.example.portunification,PortUnificationServerHandler,isGzip.(II)Z,28
sivang,org.kde.necessitas.origo,QtActivity,onCreateDialog.(I)Ljava/lang/Object;,27
clear2zero,com.ksy.media.player,BaseMediaPlayer,notifyOnError.(II)Z,29
Mandrivia,main,ProblemData,setTargetCovered.(II)V,26
KenyStev,-,PalindromoAir,firstAvailable.(I)I,28
mtudora,com.application.timmy.ui,AddMeActivity,calculateInSampleSize.(IIII)I,522
TomWerner,com.wernerapps.ezbongo.StopListing,ExpandableSwipeAdapter,isChildSelectable.(II)Z,27
clear2zero,com.ksy.media.widget,MediaPlayerLockView,show.(I)V,32
tliu17,-,DirectedMatrixGraph,addEdge.(II)V,35
ParthoShuvo,com.apppreview.shuvojit.androiddatabase.databases,StudentDatabase,getStudentInfoList.(I)Ljava/lang/Object;,35
eevans,SevenZip.Compression.LZ,InWindow,GetMatchLen.(III)I,35
clhernandez,cl.usach.lab1.finanzas.rmi.client,ClienteFinanzasRMI,eliminarProducto.(I)Z,30
allen-dolph,com.allendolph.f1results,NavigationDrawerFragment,selectItem.(I)V,31
nwtgck,jp.dip.nwtgck.bindable.component,Arrangement,get.(I)Ljava/lang/Object;,45
SvenDub,nl.svendubbeld.car.activity,CarActivity,onConnectionSuspended.(I)V,29
WyattPearson,server,ReversiGame,flip.(II)V,30
zhangruoxu,VC.CodeGen,Emitter,emitFLOAD.(I)V,37
bradfordkyle11,com.kmbapps.classscheduler,AddClassSectionActivity,createSection.(I)Ljava/lang/Object;,30
divinebooger,-,ExceptionDemo,printPositiveNumber.(I)V,37
GugleGH,ru.nosov.server.db.tables.logic,UsersDAOImpl,getUsersById.(I)Ljava/lang/Object;,30
caseyjames,FinalProject,PriorityQueueHEAP,swap.(II)V,30
igorgatis,com.googlecode.compress_j2me.gzip,ZStream,writeLittleEndian.(II)V,37
Mandrivia,main,ProblemData,getTargetIndex.(II)I,30
TheTemportalist,com.temportalist.thaumicexpansion.common.tile,TEThaumicAnalyzer,setSide.(II)Z,30
divinebooger,-,Board,drawBoard.(II)V,324
wenjiang,com.zwb.simple.ui,SelectorDrawable,setColors.(II)V,28
sheryanresutov,GameBackEnd,GameBoard,checkSet.(III)Z,29
Mandrivia,main,ProblemData,setnY.(I)V,27
butlersrepos,dungeonDigger.entities.templates,ZombieTemplate,newStr.(I)I,27
n11com,com.n11.tech.endlessadapter.adapter,EndlessAdapter,setHasMoreData.(II)V,29
danielsnipher,br.com.fiap.blind,MapRouteActivity,onInit.(I)V,28
igorgatis,com.googlecode.compress_j2me.lzc,LZCStream,writeCode.(II)V,29
frigidrain,scheduler,TaskGroup,createChunks.(I)V,29
TBtomislav,jxl.write.biff,WritableWorkbookImpl,getLastExternalSheetName.(I)Ljava/lang/Object;,30
Ehb-IPG13,be.ehb.ipg13.fastjobs,NavigationDrawerFragment,selectItem.(I)V,29
sheryanresutov,GameBackEnd,GameLobby,findGame.(I)Ljava/lang/Object;,28
kawsar-ahmed,demo,Demo,multiply.(II)I,46
vehicle-history,io.vehiclehistory.adapter,VehicleDataAdapter,getItem.(I)Ljava/lang/Object;,28
fabiuz7,edu.umd.cloud9.util,ArrayListOfFloats,ensureCapacity.(I)V,29
halfjew22,net.everythingandroid.timer,TimerActivity,switchTimerInputMethod.(I)V,29
fabiuz7,util,GetData,getIntFromKeyboard.(II)I,102
cyanskies,au.edu.deakin.ice.meltdown,SoundManager,stop.(I)V,27
divinebooger,-,Calculator,add.(II)I,28
ey-,com.aje.logic16.app.GameLogic,GameLogic,updatePlayerAssignment.(I)V,28
zyq001,edu.bupt.zyq,FactorialTrailingZeroes,trailingZeroes.(I)I,71
frigidrain,scheduler,TaskGroup,priority.(I)I,29
MikeLydeamore,powercrystals.core.gui.controls,ListBox,removeAt.(I)V,28
fabiuz7,edu.umd.cloud9.util,ArrayListOfFloats,get.(I)F,29
MikeLydeamore,cofh.gui,GuiTextList,mouseClicked.(IIII)Ljava/lang/Object;,30
StefanCiotec,ro.pub.cs.systems.pdsd.lab05.sample09baseadapter.controller,CartoonAdapter,getItemId.(I)J,29
divinebooger,-,StdDrawPlus,setCanvasSize.(II)V,96
bitcrystal,de.bitcrystal.decentralizedexchange.security,BitCrystalKeyGenerator,getByteSizeHash.(I)I,37
immlf,ua.pp.lab101.synthesizercontrol.adregisters,ADRegister,isSuitablePositionValue.(I)Z,37
srivathsarao,com.vertexnet.realestate.model.tablemodel,EmployeesTableModel,isCellEditable.(II)Z,33
netixx,fr.enst.infsi351.notedown.fragment,CutPdfRendererFragment,showPage.(II)V,29
eevans,SevenZip.Compression.LZ,OutWindow,CopyBlock.(II)V,54
butterflylove,practice,FourSum,isSame.(IIII)Z,113
PunchApp,com.android.volley.toolbox,PoolingByteArrayOutputStream,expand.(I)V,30
harrisca,com.zephyrus.testapp.carletonenergyapp.app,MainActivity,setCurrentView.(I)V,30
WyattPearson,-,Board,unoccupy.(II)V,27
BoBinLee,com.skhu.service,DocumentService,getCalendarMenu.(II)Ljava/lang/Object;,28
martincameron,ibxm,Data,uleShort.(I)I,33
divinebooger,-,ArrayList61B,get.(I)Ljava/lang/Object;,43
linsonzhao,video.app.autobahn,WebSocketOptions,setSocketConnectTimeout.(I)V,33
martincameron,micromod,Channel,row.(IIII)V,30
TBtomislav,jxl.biff,FormattingRecords,isDate.(I)Z,29
GugleGH,ru.nosov.SMSreader.db.adapters,AdapterPSTv1,getItemViewType.(I)I,31
n11com,com.n11.tech.endlessadapter.adapter,EndlessAdapter,getItem.(I)Ljava/lang/Object;,31
igorgatis,com.googlecode.compress_j2me.gzip,ZStream,readBits.(I)I,39
harithan81,com.lm.service,UserActivityService,returnBook.(I)Ljava/lang/Object;,30
JPII,-,Bullet,increaseX.(I)V,31
clrung,-,Heap,exchange.(II)V,29
zyq001,edu.bupt.zyq,MinStack,push.(I)V,68
tliu17,-,ClosedHashing,delete.(II)V,42
phdabel,util,MASLABRouting,getSearch.(I)Ljava/lang/Object;,28
sheryanresutov,GameBackEnd,GameLobby,delPlayer.(I)V,28
tliu17,-,MatrixGraph,areNeighbors.(II)Z,33
KenyStev,Zero.Studio.Gato,Gato,set0.(II)V,33
fabiuz7,edu.umd.cloud9.util,ArrayListOfShorts,get.(I)S,28
kschlorff16,-,Picture,get.(II)Ljava/awt/Color;,37
linsonzhao,video.app.com.views,ScallingImageView,setMaxHeight.(I)V,27
supernova-cmu,CV,CrossValidationWithPruning,validate.(I)Ljava/lang/Object;,28
JsonHunt,com.squareup.okhttp.internal.spdy,Settings,getInitialWindowSize.(I)I,26
vcsupser,io.netty.example.portunification,PortUnificationServerHandler,isHttp.(II)Z,28
rails-school,org.railsschool.tiramisu.views.patterns,ReminderSeekbarLabelPattern,_setCurrent.(I)V,39
StefanCiotec,ro.pub.cs.systems.pdsd.lab05.addressbook.controller,ContactAdapter,setCheckedItemPosition.(I)V,28
KenyStev,com.ZeroStudio.Algorimos.week1,QuickUnionUF,connected.(II)Z,28
TheTemportalist,com.temportalist.thaumicexpansion.common.tile,TEThaumicAnalyzer,canInput_Item.(I)Z,30
butlersrepos,dungeonDigger.entities.templates,ZombieTemplate,newCon.(I)I,28
MikeLydeamore,powercrystals.core.gui.controls,ListBox,onMousePressed.(III)Z,28
Jumping-alien-W-and-M,jumpingalien.model,World,setXWindow.(I)V,27
twitter,com.twitter.http2,HttpHeaderBlockEncoder,setEncoderMaxHeaderTableSize.(I)V,28
Jumping-alien-W-and-M,jumpingalien.model,World,getProperXWindow.(I)I,28
Trololoshe4ki,-,Proba3,metodDelete.(I)V,27
butlersrepos,dungeonDigger.entities.templates,ZombieTemplate,update.(I)V,28
double0291,io.vov.vitamio.widget,CenterLayout,onMeasure.(II)V,30
