project,package,class,method,time_green
asutoshpalai,server,HTTPServer,runServer.(I)V,143
sheryanresutov,gui,GamePanel,removePlayer.(I)V,34
harithan81,com.lm.service,UserActivityService,returnBook.(I)Ljava/lang/Object;,34
Mandrivia,main,ProblemData,getWindVector.(III)Ljava/lang/Object;,31
alexditu,ro.pub.cs.systems.pdsd.lab05.addressbook.controller,ContactAdapter,getItemViewType.(I)I,34
di-ruan,shared,RDSWrapper,getRestaurantConfig.(I)Ljava/lang/Object;,33
hpu-spring87,com.hpuvoice.XlistView,XListViewHeader,setVisiableHeight.(I)V,459
KenyStev,-,PalindromoAir,reset.(I)V,48
TBtomislav,jxl.biff,FormattingRecords,getDateFormat.(I)Ljava/lang/Object;,43
TomWerner,com.wernerapps.ezbongo.StopListing,ExpandableSwipeAdapter,getGroup.(I)Ljava/lang/Object;,31
ey-,com.aje.logic16.app.GameLogic,GameLogic,buttonClicked.(I)V,35
voodoodyne,org.subethamail.smtp.server,SMTPServer,setBacklog.(I)V,32
igrief15,-,Player,changeCoins.(I)V,32
TBtomislav,jxl.write.biff,WritableWorkbookImpl,getExternalSheetIndex.(I)I,36
WyattPearson,-,Board,getPos.(I)Ljava/lang/Object;,32
supernova-cmu,CV,CrossValidationWithPruning,validate.(I)Ljava/lang/Object;,35
jfeinstein10,com.jeremyfeinstein.slidingmenu.lib.app,SlidingListActivity,setContentView.(I)V,34
Jumping-alien-W-and-M,jumpingalien.model,World,getProperXWindow.(I)I,38
Artur-,org.vaadin.artur,DayValidator,getDaysInMonth.(I)I,100
martincameron,micromod,Macro,divide.(III)I,48
TheTemportalist,com.temportalist.thaumicexpansion.common.block,BlockThaumicAnalyzer,getRotation.(I)I,39
Mandrivia,main,ProblemData,setNbTurn.(I)V,29
netixx,fr.enst.infsi351.notedown.fragment,SideBySidePdfRendererFragment,renderMarkers.(I)V,29
martincameron,micromod,Instrument,setVolume.(I)V,81
lydiaSidhom,Engine,Shifter,shift.(I)V,50
SvenDub,nl.svendubbeld.car.activity,CarActivity,onGpsStatusChanged.(I)V,32
tliu17,-,DirectedMatrixGraph,getNeighbors.(I)[I,33
twitter,com.twitter.http2,HttpConnection,updateAllReceiveWindowSizes.(I)V,29
Mandrivia,main,ProblemData,setnY.(I)V,29
jordanywhite,edu.up.cs301.game.config,GameConfig,getSelName.(I)Ljava/lang/Object;,30
sheryanresutov,GameBackEnd,Game,findPlayer.(I)Ljava/lang/Object;,30
divinebooger,huglife,HugLife,simulate.(II)V,31
srivathsarao,com.vertexnet.realestate.model.tablemodel,AgentsTableModel,getValueAt.(II)Ljava/lang/Object;,31
jlnunn2372,bubblePopper,ScoreBoardController,setScore.(I)V,30
yxsu,com.petuum.ps.server,Server,addClientBgPair.(II)V,31
supernova-cmu,CV,CrossValidation,validate.(I)Ljava/lang/Object;,30
clrung,-,Heap,right.(I)I,29
sheryanresutov,GameBackEnd,Game,addPlayerToSB.(I)Ljava/lang/Object;,30
niosus,com.learnit.learnit.fragments.learn_fragments,AbstractLearnFragment,onAnimationFinished.(II)V,29
clear2zero,com.ksy.media.player,BaseMediaPlayer,notifyOnInfo.(II)Z,30
clrung,-,Heap,parent.(I)I,30
alexditu,ro.pub.cs.systems.pdsd.lab05.sample09baseadapter.controller,CartoonAdapter,getItemViewType.(I)I,31
jordanywhite,edu.up.cs301.game.config,GameConfig,setRemoteSelType.(I)V,33
NanodegreeStudent,com.danilaeremin.nicecoffee.Adapters,ProductCellAdapter,getProduct.(I)Ljava/lang/Object;,31
tecnomatico,com.freelancersteam.www.java.tomafoto.dominio.dao.imp,EmpleadoDaoImp,getEmpleado.(I)Ljava/lang/Object;,29
yitaohu,cs61b_project1,PixImage,boxBlur.(I)Lcs61b_project1/PixImage;,33
tliu17,-,OpenHashing,insert.(II)V,44
fabiuz7,edu.priceton.cs.graph,DigraphGenerator,strong.(III)Ljava/lang/Object;,63
srivathsarao,com.vertexnet.realestate.model.tablemodel,EmployeesTableModel,isCellEditable.(II)Z,30
fabiuz7,edu.priceton.cs.graph,DigraphGenerator,simple.(II)Ljava/lang/Object;,42
hpu-spring87,com.hpuvoice.app,ContentActivity,onPageSelected.(I)V,30
StefanCiotec,ro.pub.cs.systems.pdsd.lab05.sample10listactivity.controller,CartoonAdapter,getItem.(I)Ljava/lang/Object;,45
NanodegreeStudent,com.danilaeremin.nicecoffee.Fragments,NavigationDrawerFragment,selectItem.(I)V,46
DShamaev,com.hikimori911.mylastfmclient.appinterface,MainMenuFragment,selectItem.(I)V,45
formychar,com.example.shahab123.seng301,page2,calculateTime.(I)V,44
shred,org.shredzone.feinrip.gui,NoListSelectionModel,setSelectionMode.(I)V,55
jeremux,serveur,GraphImpl,aRecu.(I)Z,41
krisnaru,-,PrimeNumbers,test.(I)V,39
sarvex,com.sarvex.snow,PlaybackOverlayFragment,updatePlaybackRow.(I)V,28
StefanCiotec,ro.pub.cs.systems.pdsd.lab05.sample11listfragment.controller,CartoonAdapter,getItemId.(I)J,26
TheTemportalist,com.temportalist.thaumicexpansion.common.tile,TEThaumicAnalyzer,canOutput_Item.(I)Z,34
Mandrivia,main,ProblemData,getAltitudeChanges.(II)I,40
TBtomislav,jxl.write.biff,WritableWorkbookImpl,moveSheet.(II)Ljava/lang/Object;,28
TheTemportalist,com.temportalist.thaumicexpansion.common.tile,TEThaumicAnalyzer,setSide.(II)Z,27
jfedor2,org.jfedor.nxtremotecontrol,SquareImageButton,onMeasure.(II)V,28
JsonHunt,com.squareup.okhttp.internal.spdy,Settings,getMaxConcurrentStreams.(I)I,26
martincameron,micromod.compiler,Note,setRepeat.(I)V,28
TheTemportalist,com.temportalist.thaumicexpansion.common.tile,TEThaumicAnalyzer,getAugmentedTime.(I)I,27
martincameron,micromod.compiler,AudioData,scale.(I)Lmicromod/compiler/AudioData;,28
danielsnipher,br.com.fiap.blind,DesambiguaVoz,onInit.(I)V,28
dezouzart,service,SmartBusca,heuristica.(IIII)I,28
bitcrystal,de.bitcrystal.decentralizedexchange.security,BitCrystalKeyGenerator,getPasswordIterations.(I)I,32
srivathsarao,com.vertexnet.realestate.model.tablemodel,InstallmentsTableModel,isCellEditable.(II)Z,26
fabiuz7,edu.umd.cloud9.util,ArrayListOfFloats,get.(I)F,28
Jumping-alien-W-and-M,jumpingalien.common.sprites,ImageSprite,resizeTo.(II)Ljava/lang/Object;,33
yitaohu,cs61b_project1,PixImage,getRed.(II)S,28
butlersrepos,dungeonDigger.entities.templates,ZombieTemplate,newMovement.(I)I,27
shareme,com.grottworkshop.gwsviewmodel.viewmodel,UserListViewModel,deleteUser.(I)V,28
divinebooger,huglife,HugLife,simulate.(I)V,30
fabiuz7,util,GetData,getIntFromKeyboard.(II)I,104
KenyStev,ChessChaturanga.Logica,Board,getPieceAt.(II)Ljava/lang/Object;,26
tliu17,-,ListGraph,addEdge.(II)V,27
halfjew22,net.everythingandroid.timer,TimerActivity,switchTimerInputMethod.(I)V,30
divinebooger,-,StdDrawPlus,setCanvasSize.(II)V,96
clhernandez,cl.usach.lab1.rrhh.rmi.client,ClienteRrhhRMI,getDepartamentoById.(I)Ljava/lang/Object;,29
niosus,com.learnit.learnit.fragments.learn_fragments,AbstractLearnFragment,fetchNewRandomWordsAsync.(II)V,27
MikeLydeamore,powercrystals.core.gui.controls,ListBox,scrollTo.(I)V,28
yxsu,com.petuum.ps.server,ServerRow,subscribe.(I)V,28
fbrass,de.spqr.inventorychangeapp,PartServer,changeEngineAmount.(I)Z,28
Sidereo,com.sidereo.paparazzi.adapter,PictureAdapter,getItemViewType.(I)I,29
AlecinVan,storm.ingress.tools,SlidingWindowCounter,slotAfter.(I)I,29
TBtomislav,jxl.write.biff,RowRecord,insertColumn.(I)V,28
igrief15,-,Board,drawBoard.(II)V,238
isince,com.ndsince.dictsv.Adapter,CustomAdapter,upDateFavoriteslist.(I)V,26
shred,org.shredzone.feinrip.dvb.si,CharsetMapper,mapIsoCode.(I)Ljava/nio/charset/Charset;,45
bowser123467,com.dwarfscraft.musicbox,MusicThread,nextSong.(I)V,28
TBtomislav,jxl.biff.formula,Function,getFunction.(I)Ljava/lang/Object;,27
Tyrtle,trevorwarner.individualgame,Brick,setBrickHealth.(I)V,27
bashizip,com.bashizip.andromed,QuotesActivity,displayQuote.(I)V,28
WyattPearson,-,HailstoneGUI,record.(II)V,27
mtudora,com.application.timmy.ui,OfficeMapView,onSizeChanged.(IIII)V,33
fabiuz7,edu.priceton.cs.graph,GraphGenerator,simple.(II)Ljava/lang/Object;,44
fabiuz7,edu.umd.cloud9.util,ArrayListOfFloats,remove.(I)F,32
MikeLydeamore,cofh.gui,GuiTextList,mouseClicked.(IIII)Ljava/lang/Object;,31
BoBinLee,com.skhu.service,DocumentService,getCalendarMenu.(II)Ljava/lang/Object;,29
divinebooger,-,StdDrawPlus,show.(I)V,87
tliu17,-,OpenHashing,lookUp.(II)V,49
clhernandez,cl.usach.lab1.rrhh.rmi.client,ClienteRrhhRMI,getCargoById.(I)Ljava/lang/Object;,30
fabiuz7,edu.umd.cloud9.util,ArrayListOfInts,add.(I)V,30
tliu17,-,ClosedHashing,getHashAddress.(II)I,35
jlnunn2372,bubblePopper,ScoreBoardController,comapreScore.(I)V,31
Mandrivia,main,ProblemData,isCovered.(I)I,28
igorgatis,com.googlecode.compress_j2me.lzc,LZCOutputStream,write.(I)V,29
cyanskies,au.edu.deakin.ice.meltdown,SoundManager,resume.(I)V,33
martincameron,micromod,Instrument,setFineTune.(I)V,35
gpfjeff,com.gpfcomics.android.ppp,Cardset,setNumberOfColumns.(I)V,27
eevans,SevenZip.Compression.LZMA,Base,GetLenToPosState.(I)I,29
hpu-spring87,com.hpuvoice.fragment,ChatFragment,viewPagerItem.(I)Ljava/lang/Object;,26
spiritistz,com.wordpress.hifilmtheapp,MainActivity,getOutputMediaFileUri.(I)Ljava/lang/Object;,25
pfyuit,com.pfyuit.myalgorithm.datastructure.hash,HashTable,hashFunc1.(I)I,26
DunnR,-,BinaryTree,add.(I)V,27
eevans,SevenZip.Compression.LZMA,Base,StateIsCharState.(I)Z,29
sheryanresutov,GameBackEnd,GameBoard,checkSet.(III)Z,27
jglewis93,com.example.jon.restroomradar,SchemaContract,getLongitude.(I)D,28
immlf,ua.pp.lab101.synthesizercontrol.ftdiconverter,DataConverter,returnClearBitMask.(I)B,26
mtudora,com.application.timmy.ui,OfficeMapView,measure.(I)I,28
Kevin-unipe,data.br,Data,setDia.(I)V,30
KenyStev,com.ZeroStudio.Algorimos.week1,WeightedQuickUnionUF,connected.(II)Z,28
KenyStev,ChessChaturanga.Logica.Pieces,Elephant,validMovement.(II)Z,27
mithunkumarnallu,SchedulingAlgos,ProcessInfo,DecrementProcessBurstTime.(I)I,41
chrisschroeder92,edu.augustana.csc490.phoenix,Bullet,checkOnScreen.(I)Z,28
sheryanresutov,gui,GamePanel,decreaseScore.(I)V,26
lorinczpatrik,tema2_TP,Simulator,closeHandler.(I)V,27
martincameron,ibxm,Data,uleShort.(I)I,31
TheTemportalist,com.temportalist.thaumicexpansion.common.block,BlockThaumicAnalyzer,getDirection.(I)Ljava/lang/Object;,26
Mandrivia,main,ProblemData,setNbBalloon.(I)V,26
jhonnybsg,br.com.gamezes.screens,PlayerSelectScreen,touchDragged.(III)Z,27
MikeLydeamore,powercrystals.core.gui.controls,ListBox,getElement.(I)Ljava/lang/Object;,37
voodoodyne,org.subethamail.smtp.server,SMTPServer,setConnectionTimeout.(I)V,29
Jumping-alien-W-and-M,jumpingalien.model,World,getHash.(II)I,29
phdabel,util,MASLABRouting,getSearch.(I)Ljava/lang/Object;,29
Holmaren,ir,PostingsEntry,addOffset.(I)V,32
isince,com.ndsince.dictsv.Adapter,CustomAdapter,menuListDialogAction.(II)V,27
DShamaev,com.hikimori911.mylastfmclient.appinterface,MainMenuAdapter,getItemViewType.(I)I,28
caseyjames,FinalProject,PriorityQueueHEAP,percolateDown.(I)V,36
eungju,cylon.creole,CreoleMarkupBuilder,charAt.(I)C,29
kinneyyan,com.antonyt.infiniteviewpager,MinFragmentPagerAdapter,getItem.(I)Ljava/lang/Object;,28
srivathsarao,com.vertexnet.realestate.model.tablemodel,SitesTableModel,getValueAt.(II)Ljava/lang/Object;,27
cyanskies,au.edu.deakin.ice.meltdown,SoundManager,load.(I)I,29
TheTemportalist,com.temportalist.thaumicexpansion.common.tile,TEThaumicAnalyzer,incrSide.(I)Z,29
immlf,ua.pp.lab101.synthesizercontrol.adregisters,ADRegister,setBitByPosition.(I)V,34
tliu17,-,ListGraph,areNeighbors.(II)Z,28
voodoodyne,org.subethamail.smtp.server,SMTPServer,setPort.(I)V,28
srivathsarao,com.vertexnet.realestate.model.tablemodel,EmployeesTableModel,getColumnName.(I)Ljava/lang/Object;,26
jglewis93,com.example.jon.restroomradar,SchemaContract,getTitle.(I)Ljava/lang/Object;,28
bmzhao,-,UtopianTree,UtopiaTree.(I)I,28
jfeinstein10,com.jeremyfeinstein.slidingmenu.lib.app,SlidingListActivity,setBehindContentView.(I)V,26
fabiuz7,edu.umd.cloud9.util,ArrayListOfInts,indexOf.(I)I,36
JsonHunt,com.squareup.okhttp.internal.spdy,Settings,get.(I)I,32
shred,org.shredzone.feinrip.gui,JLabelGroup,setMinimumWidth.(I)V,101
srivathsarao,com.vertexnet.realestate.model.tablemodel,SitePaymentTableModel,getColumnClass.(I)Ljava/lang/Object;,27
frigidrain,scheduler,TaskGroup,setDifficulty.(I)V,26
naver,com.naver.android.rotatableviewsample,MainActivity,roundOrientation.(II)I,39
tecnomatico,com.freelancersteam.www.java.tomafoto.dominio.dao.imp,EmpleadoDaoImp,getAsistencia.(I)Ljava/lang/Object;,39
itot0103,ocha.itolab.koala.applet.koalaview,VectorParettePanel,draw.(I)V,29
KenyStev,Zero.Studio.Gato,Gato,set0.(II)V,33
zhangruoxu,VC.CodeGen,Frame,pop.(I)V,27
rsv355,beap.webmyne.com.demotabbar,MainActivity,selectTAB.(I)V,40
fbrass,de.spqr.inventorychangeapp,PartServer,changeWheelAmount.(I)Z,29
voodoodyne,org.subethamail.smtp.io,ThresholdingOutputStream,write.(I)V,26
TheTemportalist,com.temportalist.thaumicexpansion.common.block,BlockThaumicAnalyzer,getTier.(I)I,27
mithunkumarnallu,SchedulingAlgos,ProcessInfo,UpdateReadyQueueWaitTime.(I)V,27
aatxe,org.tomato.net.server.debug,LimitLinesDocumentListener,setLimitLines.(I)V,31
hpu-spring87,com.hpuvoice.XlistView,XListViewHeader,setState.(I)V,29
TBtomislav,jxl.biff.drawing,EscherRecordType,getType.(I)Ljxl/biff/drawing/EscherRecordType;,72
TheTemportalist,com.temportalist.thaumicexpansion.common.tile,TEThaumicAnalyzer,decrSide.(I)Z,42
fbrass,de.spqr.inventorychangeapp,PartServer,changeDoorAmount.(I)Z,34
endangh,p9.c,ArraysMatakuliah,get.(I)Ljava/lang/Object;,26
ronak1790,core,Database,getUsername.(I)Ljava/lang/Object;,27
alexditu,ro.pub.cs.systems.pdsd.lab05.addressbook.controller,ContactAdapter,getItemId.(I)J,26
alexditu,ro.pub.cs.systems.pdsd.lab05.sample11listfragment.controller,CartoonAdapter,getItem.(I)Ljava/lang/Object;,27
frontiertsymbal,com.frontier.giphy.utils,CircularViewPagerHandler,handleScrollState.(I)V,28
Tommyatkins,com.tommyatkins.test.reflect,Generic,getGenericType.(I)Ljava/lang/Class;,45
JsonHunt,com.squareup.okhttp.internal.spdy,Settings,getInitialWindowSize.(I)I,27
tliu17,-,ClosedHashing,delete.(II)V,34
voodoodyne,org.subethamail.smtp.io,ThresholdingOutputStream,checkThreshold.(I)V,26
bhargavchippada,clickr,LoginPage,updateSharedPref.(I)V,30
srivathsarao,com.vertexnet.realestate.model.tablemodel,LayoutsTableModel,getColumnClass.(I)Ljava/lang/Object;,27
alexditu,ro.pub.cs.systems.pdsd.lab05.addressbook.controller,ContactAdapter,getItem.(I)Ljava/lang/Object;,26
hpu-spring87,com.hpuvoice.XlistView,XListView,resetHeaderHeight.(I)V,29
martincameron,micromod,Instrument,normalizeSampleIdx.(I)I,27
zhangruoxu,VC.CodeGen,Frame,push.(I)V,28
immlf,ua.pp.lab101.synthesizercontrol.adregisters,ADRegister,clearBitByPosition.(I)V,30
sheryanresutov,GameBackEnd,GameLobby,delPlayer.(I)V,28
krisnaru,-,PrimeNumbers,testManual.(I)V,40
clear2zero,com.ksy.media.widget,MediaPlayerLockView,show.(I)V,28
fbrass,de.spqr.activitiderbysoapservice,PartServer,changeTireAmount.(I)Z,29
tkleisas,org.teacake.monolith.apk,SoundPoolManager,playSound.(I)V,28
AdaptiveSystem,com.movie.worth.dao,Ratings,getOneParticularRating.(II)Ljava/lang/Object;,36
Artur-,org.vaadin.artur,DayValidator,setMonth.(I)V,29
frigidrain,scheduler,TaskGroup,setUrgency.(I)V,27
jfeinstein10,com.jeremyfeinstein.slidingmenu.lib.app,SlidingActivity,setContentView.(I)V,27
TBtomislav,jxl.biff,Type,getType.(I)Ljxl/biff/Type;,74
voodoodyne,org.subethamail.smtp.server,SMTPServer,setMaxRecipients.(I)V,26
twitter,com.twitter.http2,HttpHeaderBlockEncoder,setDecoderMaxHeaderTableSize.(I)V,30
tliu17,-,ClosedHashing,insert.(II)V,37
hpu-spring87,com.hpuvoice.fragment,ChatFragment,isDeletePng.(I)Z,30
sheryanresutov,gui,GamePanel,blockTimer.(I)V,29
sheryanresutov,GameBackEnd,GameBoard,processSubmit.(III)I,28
eevans,SevenZip.Compression.LZ,InWindow,GetIndexByte.(I)B,29
jfeinstein10,com.jeremyfeinstein.slidingmenu.lib.app,SlidingMapActivity,setBehindContentView.(I)V,27
clhernandez,cl.usach.lab1.finanzas.rmi.client,ClienteFinanzasRMI,eliminarOrden.(I)Z,27
tkleisas,org.teacake.monolith.apk,SoundPoolManager,pauseMusic.(I)V,28
srivathsarao,com.vertexnet.realestate.model.tablemodel,CustomersTableModel,getColumnName.(I)Ljava/lang/Object;,26
AdaptiveSystem,com.movie.worth.dao,Ratings,getRatingsOfOneMovie.(I)Ljava/lang/Object;,27
KenyStev,com.ZeroStudio.Algorimos.week1,WeightedQuickUnionUF,root.(I)I,29
TheTemportalist,com.temportalist.thaumicexpansion.common.block,BlockThaumicAnalyzer,damageDropped.(I)I,26
sheryanresutov,GameBackEnd,Game,setLock.(I)V,29
neureal,org.noo4j.daemon,BtcDaemon,startListening.(III)V,27
xujiabin,com.zol.backserver.util.date,DateConvertUtil,getWeekCnFn.(I)Ljava/lang/Object;,32
twitter,com.twitter.http2,HttpConnection,isLocalSideClosed.(I)Z,27
wujek-srujek,com.jambit.conti.ccss,CCSS,generateTouch.(III)V,28
butlersrepos,dungeonDigger.entities.templates,ZombieTemplate,newDex.(I)I,28
KenyStev,com.ZeroStudio.Algorimos.week1,QuickUnionUF,root.(I)I,27
dcapwell,com.github.dcapwell.java.file.operations,NIOChmod,convertToPermissionsSet.(I)Ljava/lang/Object;,28
twitter,com.twitter.http2,HttpConnection,updateReceiveWindowSize.(II)I,28
fbrass,de.spqr.activitiderbysoapservice,PartServer,changeFronWindowAmount.(I)Z,36
isince,com.ndsince.dictsv.Adapter,CustomAdapter,getItemId.(I)J,28
linsonzhao,video.app.com.views,ScallingImageView,setMaxWidth.(I)V,30
tliu17,-,OpenHashing,printTable.(I)V,34
double0291,com.android.volley.toolbox,ByteArrayPool,getBuf.(I)[B,29
Jumping-alien-W-and-M,jumpingalien.common.sprites,ImageSprite,resizeTo.(II)Ljava/lang/Object;,30
lorinczpatrik,tema2_TP,Simulator,generateClients.(I)Ljava/lang/Object;,29
KenyStev,com.ZeroStudio.Algorimos.week1,QuickUnionUF,connected.(II)Z,28
TBtomislav,jxl.write.biff,WritableWorkbookImpl,getName.(I)Ljava/lang/Object;,27
stickfigure,unsuck.security,BCrypt,gensalt.(I)Ljava/lang/String;,271
Mandrivia,main,ProblemData,setNbTarget.(I)V,26
caseyjames,assignment9,PriorityQueueHEAP,percolateUp.(I)V,27
Jumping-alien-W-and-M,jumpingalien.model,Slime,hit.(I)V,26
yxsu,com.petuum.ps.server,Server,init.(I)V,30
WyattPearson,-,ReversiGame,flipLine.(IIII)V,29
KenyStev,LabProgra2,Residencial,numeroDisponible.(I)Z,27
srivathsarao,com.vertexnet.realestate.model.tablemodel,SitePaymentTableModel,getColumnName.(I)Ljava/lang/Object;,25
clear2zero,com.ksy.media.widget,MediaPlayerControllerVolumeView,setVolume.(I)V,28
JsonHunt,com.squareup.okhttp.internal.spdy,Settings,getDownloadBandwidth.(I)I,28
halfjew22,net.everythingandroid.timer,TimerActivity,onCreateDialog.(I)Ljava/lang/Object;,27
eevans,SevenZip.Compression.LZMA,Decoder,SetDictionarySize.(I)Z,27
hpu-spring87,com.hpuvoice.fragment,ChatFragment,dotsItem.(I)Ljava/lang/Object;,26
linsonzhao,video.app.autobahn,WebSocketOptions,setReconnectInterval.(I)V,27
fbrass,de.spqr.activitiderbysoapservice,PartServer,changeEngineAmount.(I)Z,31
gpfjeff,com.gpfcomics.android.ppp,Cardset,isValidNumberOfColumns.(I)Z,30
EricssonResearch,com.ericsson.research.owr.sdk,MediaStreamHandler,onSendSsrcChanged.(I)V,30
zhangruoxu,VC.CodeGen,Emitter,emitASTORE.(I)V,32
MikeLydeamore,powercrystals.core.gui.controls,ListBox,drawForeground.(II)V,29
liulinru13,mmrx.com.myuserdefinedview,MainActivity,selectFragment.(I)V,30
linsonzhao,video.app.com.views,ScallingImageView,resolveAdjustedSize.(III)I,40
KenyStev,-,PalindromoAir,printPassengers.(I)V,29
StefanCiotec,ro.pub.cs.systems.pdsd.lab05.sample09baseadapter.controller,CartoonAdapter,getItem.(I)Ljava/lang/Object;,27
igrief15,-,Board,unoccupy.(II)V,27
sheryanresutov,gui,CardGrid,setGameID.(I)V,26
alexditu,ro.pub.cs.systems.pdsd.lab05.sample11listfragment.controller,CartoonAdapter,getItemViewType.(I)I,27
StefanCiotec,ro.pub.cs.systems.pdsd.lab05.sample11listfragment.controller,CartoonAdapter,getItemViewType.(I)I,28
igorgatis,com.googlecode.compress_j2me.gzip,ZStream,writeLittleEndian.(II)V,33
yitaohu,cs61b_project1,PixImage,getBlue.(II)S,28
jhonnybsg,br.com.gamezes.screens,PlayerSelectScreen,touchDown.(IIII)Z,26
TBtomislav,jxl.format,Pattern,getPattern.(I)Ljxl/format/Pattern;,66
harrydet,com.example.harry.wakeup.adapters,ListTaskListAdapter,deleteItem.(I)V,32
dcapwell,com.github.dcapwell.java.file.operations,NIOChmod,isSet.(II)Z,28
RedingG,com.reding.qrcard,WelcomeActivity,setCurView.(I)V,31
TheTemportalist,com.temportalist.thaumicexpansion.common.tile,TEThaumicAnalyzer,transfer.(III)Z,29
WyattPearson,-,Board,drawBoard.(II)V,62
sheryanresutov,GameBackEnd,Game,dropPlayerFromSB.(I)Ljava/lang/Object;,27
bradfordkyle11,com.kmbapps.classscheduler,SortByDialogFragment,newInstance.(I)Ljava/lang/Object;,26
zhangruoxu,VC.Scanner,SourceFile,inspectChar.(I)C,28
tkleisas,org.teacake.monolith.apk,LinearInterpolator,getValue.(I)F,28
zlim,jnt.scimark2,MonteCarlo,num_flops.(I)D,29
pfyuit,com.pfyuit.myalgorithm.datastructure.hash,HashTable,remove.(I)Lcom/pfyuit/myalgorithm/datastructure/hash/HashTable$DataItem;,27
WyattPearson,-,Board,unoccupy.(II)V,26
dezouzart,service,SmartBusca,checaVisitados.(II)Z,28
Mandrivia,main,ProblemData,getScoreBalloon.(II)I,28
vdzundza,main,HashMap,get.(I)Ljava/lang/Object;,27
sivang,org.kde.necessitas.origo,QtActivity,onCreatePanelView.(I)Ljava/lang/Object;,37
spiritistz,com.wordpress.hifilmtheapp,MainActivity,getOutputMediaFile.(I)Ljava/lang/Object;,29
clear2zero,com.ksy.media.widget,MediaPlayerBufferingView,setBufferingProgress.(I)V,30
clrung,-,Graph,getVertex.(I)Ljava/lang/Object;,30
Jumping-alien-W-and-M,jumpingalien.common.sprites,ImageSprite,scaleToWidth.(I)Ljava/lang/Object;,27
harithan81,com.lm.service,BookService,borrowBook.(I)Ljava/lang/Object;,26
tliu17,-,OpenHashing,getHashAddress.(II)I,33
caseyjames,assignment9,PriorityQueueHEAP,percolateDown.(I)V,29
fabiuz7,edu.umd.cloud9.util,ArrayListOfInts,remove.(I)I,31
yxsu,com.petuum.ps.common.util,VectorClock,getClock.(I)I,30
clhernandez,cl.usach.lab1.finanzas.rmi.client,ClienteFinanzasRMI,getClienteById.(I)Ljava/lang/Object;,30
TheTemportalist,com.temportalist.thaumicexpansion.common.block,BlockThaumicAnalyzer,createStackedBlock.(I)Ljava/lang/Object;,26
TomWerner,com.wernerapps.ezbongo.StopListing,ExpandableSwipeAdapter,getChildId.(II)J,26
nicolas-legroux,-,GraphBuilder,getPresentParts.(II)Ljava/lang/Object;,26
asleepcat,org.eclipse.wb.swt,SWTResourceManager,getColor.(I)Ljava/lang/Object;,26
ahielg,hebrewDate,CalendarUtils,gimatria.(I)Ljava/lang/Object;,27
lzh9102,zxinggui.generator,GeneratorManager,getGenerator.(I)Ljava/lang/Object;,28
Jumping-alien-W-and-M,jumpingalien.model,World,getTilePos.(I)I,28
Mandrivia,main,ProblemData,getTargetIndex.(II)I,27
TBtomislav,jxl.write.biff,WritableWorkbookImpl,getExternalSheetName.(I)Ljava/lang/Object;,28
clhernandez,cl.usach.lab1.finanzas.rmi.client,ClienteFinanzasRMI,eliminarCliente.(I)Z,27
azaky,ecc,ECPoint,toString.(I)Ljava/lang/String;,32
TBtomislav,jxl.biff,Type,createType.(I)Ljxl/biff/Type;,29
asleepcat,org.eclipse.wb.swt,SWTResourceManager,getCursor.(I)Ljava/lang/Object;,27
IMORALESNW,com.nubware.healthyapp,ApplicationStep2,onExit.(I)V,26
srivathsarao,com.vertexnet.realestate.model.tablemodel,AgentsTableModel,getColumnClass.(I)Ljava/lang/Object;,27
JsonHunt,com.squareup.okhttp.internal.spdy,Settings,getClientCertificateVectorSize.(I)I,26
martincameron,micromod,Note,periodToKey.(I)I,246
TBtomislav,jxl.biff.drawing,ShapeType,getType.(I)Ljxl/biff/drawing/ShapeType;,47
mathewreny,edu.unl.cse,Compiler,returnBinaryNumber.(II)Ljava/lang/Object;,72
sheryanresutov,gui,GamePanel,addCard.(I)V,40
DHIS2,org.dhis2.mobile.utils.date.expiryday,SixMonthlyExpiryDayValidator,monthOfYear.(I)I,30
daniellebryant,edu.augustana.csc490.individualgame,GamePiece,contains.(II)Z,27
KenyStev,examen1labprg2,Empresa,extendsContract.(I)Z,27
MikeLydeamore,powercrystals.core.gui.controls,ListBox,removeAt.(I)V,26
jn222na,com.example.DAL,CRUD,getTask.(I)Ljava/lang/Object;,28
dumchikov,chickens.kharkov.ua.chickens,TabsViewPagerAdapter,getItem.(I)Ljava/lang/Object;,28
netixx,fr.enst.infsi351.notedown.fragment,SideBySidePdfRendererFragment,showPage.(II)V,26
WyattPearson,-,HailstoneGenerator,hailstone.(I)I,28
daniellebryant,edu.augustana.csc490.individualgame,GamePiece,setOwner.(I)V,27
fabiuz7,edu.umd.cloud9.util,ArrayListOfShorts,ensureCapacity.(I)V,28
alero,org.hrodberaht.i18n.formatter,NumberFormatter,validatePosition.(IIII)Z,30
frontiertsymbal,com.frontier.giphy.utils,CircularViewPagerHandler,onPageScrollStateChanged.(I)V,28
Mandrivia,main,ProblemData,setAltitudeChanges.(III)V,26
AlecinVan,storm.ingress.tools,SlotBasedCounter,wipeSlot.(I)V,27
eevans,SevenZip.Compression.LZMA,Base,StateUpdateChar.(I)I,31
gpfjeff,com.gpfcomics.android.ppp,Cardset,isValidPasscodeLength.(I)Z,29
voodoodyne,org.subethamail.smtp.server,SMTPServer,setMaxMessageSize.(I)V,27
martincameron,micromod,Channel,volumeSlide.(I)V,28
jhonnybsg,br.com.gamezes.screens,PlayerSelectScreen,touchUp.(IIII)Z,28
fabiuz7,edu.umd.cloud9.util,ArrayListOfShorts,get.(I)S,27
Jumping-alien-W-and-M,jumpingalien.model,World,getProperYWindow.(I)I,27
voodoodyne,org.subethamail.smtp.server,SMTPServer,setMaxConnections.(I)V,27
zhangruoxu,VC.TreeDrawer,LayoutVisitor,offset.(IIIIII)I,182
clear2zero,com.ksy.media.widget,MediaPlayerView,requestPlayMode.(I)Z,27
KenyStev,ChessChaturanga.Logica.Pieces,King,validMovement.(II)Z,27
srivathsarao,com.vertexnet.realestate.model.tablemodel,AgentsTableModel,isCellEditable.(II)Z,27
immlf,ua.pp.lab101.synthesizercontrol.adregisters,ADRegister,clearStateByMask.(I)V,26
KenyStev,ChessChaturanga.Logica.Pieces,Advisor,validMovement.(II)Z,26
GugleGH,ru.nosov.server.db.tables.logic,UsersTypesDAOImpl,getUsersTypesById.(I)Ljava/lang/Object;,27
twitter,com.twitter.http2,HttpConnection,removePendingWrite.(I)Ljava/lang/Object;,26
igorgatis,com.googlecode.compress_j2me.lzc,LZCStream,writeCode.(II)V,27
TheTemportalist,com.temportalist.thaumicexpansion.common.tile,TEThaumicAnalyzer,isValidSlot.(I)Z,28
yitaohu,cs61b_project1,PixImage,getGreen.(II)S,37
wenjiang,com.zwb.simple.ui,SelectorDrawable,changeViewOn.(I)V,26
caseyjames,assignment8,HashTable,nextPrime.(I)I,27
jalpan-randeri,model,Dataset,getPoint.(I)Ljava/lang/Object;,27
dheerajbsc,-,DepthFirstSearch,addEdge.(II)V,27
WyattPearson,server,ReversiGame,flipLine.(IIII)V,56
billcchung,tw.billchung.taiwancoffeeprices,MainActivity,onSectionAttached.(I)V,26
tliu17,-,MatrixGraph,addEdge.(II)V,29
linsonzhao,video.app.autobahn,ByteBufferOutputStream,write.(I)V,26
fabiuz7,edu.priceton.cs.graph,GraphGenerator,regular.(II)Ljava/lang/Object;,28
clhernandez,cl.usach.lab1.db.DAO.rrhh,CargoDAO,eliminarCargo.(I)Z,28
swapneshgandhi,com.cloudwick.training.logging,Calculator,calulate.(II)I,26
compgen-io,io.compgen.common.io,PeekableInputStream,peek.(I)[B,26
linsonzhao,video.app.com.views,ScallingImageView,setMaxHeight.(I)V,27
AlecinVan,storm.ingress.kafka,StaticPartitionConnections,getConsumer.(I)Ljava/lang/Object;,27
martincameron,micromod,Macro,sqrt.(I)I,28
nemui,deep.dark.lonebrewer,LBWFCompanionConfigActivity,onConnectionSuspended.(I)V,27
linsonzhao,video.app.autobahn,WebSocketOptions,setMaxFramePayloadSize.(I)V,29
sudobash1,pbsc,PbscCompiler,generateSymTabComment.(II)Ljava/lang/Object;,28
uqbar-project,com.uqbar.commons.descriptor,ClassForDescription,method2.(I)Ljava/lang/Object;,27
bradfordkyle11,com.kmbapps.classscheduler,AddClassSectionActivity,to12HourFormat.(II)Ljava/lang/Object;,55
immlf,ua.pp.lab101.synthesizercontrol.adregisters,ADRegister,isSuitablePositionValue.(I)Z,44
GugleGH,ru.nosov.server.db.tables.logic,UsersDAOImpl,getUsersById.(I)Ljava/lang/Object;,44
MikeLydeamore,powercrystals.core.gui.controls,ListBox,onMouseWheel.(III)Z,43
mookie1097,mooklabs.ivdconnect,NavigationDrawerFragment,selectItem.(I)V,42
phdabel,ufrgs.maslab.abstractsimulator.variables,FireStation,clusteringMain.(I)V,44
GugleGH,ru.nosov.SMSreader.db.adapters,AdapterPSTv1,getItemId.(I)J,41
lluidesia,com.stfalcon.lostandfound.tabs,SlidingTabLayout,scrollToTab.(II)V,43
srivathsarao,com.vertexnet.realestate.model.tablemodel,LayoutsTableModel,isCellEditable.(II)Z,42
markcwal,com.codepath.apps.basictwitter,TimelineActivity,customLoadMoreDataFromApi.(I)V,43
RedingG,com.reding.qrcard,WelcomeActivity,onPageScrollStateChanged.(I)V,55
abraxasson,at.abraxas.amarino.plugins.compass,EditActivity,getRate.(I)I,72
srivathsarao,com.vertexnet.realestate.model.tablemodel,PaymentPlansTableModel,getColumnName.(I)Ljava/lang/Object;,29
phdabel,util,MASLABRouting,getRoadIDs.(I)Ljava/lang/Object;,28
TBtomislav,jxl.format,Orientation,getOrientation.(I)Ljxl/format/Orientation;,47
harrydet,com.example.harry.wakeup,MainScreen,onListItemSelected.(I)V,27
Jumping-alien-W-and-M,jumpingalien.model,World,setWindowWidth.(I)V,26
igorgatis,com.googlecode.compress_j2me.lzc,LZCOutputStream,writeBuffer.(I)V,29
dumchikov,chickens.kharkov.ua.chickens,TabsViewPagerAdapter,getPageTitle.(I)Ljava/lang/Object;,26
zyq001,edu.bupt.zyq,ClimbingStairs,climbStairs.(I)I,61
TheTemportalist,com.temportalist.thaumicexpansion.common.tile,TEThaumicAnalyzer,setFacing.(I)Z,31
eevans,SevenZip.Compression.LZ,OutWindow,CopyBlock.(II)V,44
Kevin-unipe,data.br,Data,setAno.(I)V,33
clhernandez,cl.usach.lab1.rrhh.rmi.client,ClienteRrhhRMI,eliminarTrabajador.(I)Z,31
jfeinstein10,com.jeremyfeinstein.slidingmenu.lib.app,SlidingFragmentActivity,findViewById.(I)Ljava/lang/Object;,31
StefanCiotec,ro.pub.cs.systems.pdsd.lab05.sample09baseadapter.controller,CartoonAdapter,getItemViewType.(I)I,50
hpu-spring87,com.hpuvoice.app,ChatActivity,viewPagerItem.(I)Ljava/lang/Object;,31
tkleisas,org.teacake.monolith.apk,SoundPoolManager,resumeMusic.(I)V,27
luizrogeriocn,-,ListaDeCantinas,retirarEstoque.(II)V,28
Jumping-alien-W-and-M,jumpingalien.common.sprites,ImageSprite,scaleToWidth.(I)Ljava/lang/Object;,28
Mandrivia,main,ProblemData,setTargetCovered.(II)V,28
jordanywhite,edu.up.cs301.game.config,GameConfig,getSelType.(I)Ljava/lang/Object;,31
Jumping-alien-W-and-M,jumpingalien.model,World,setWindowWidth.(I)V,27
fiddenmar,com.jlabs.lab6,EncodingCipher,getEncoding.(I)Ljava/lang/String;,30
harrydet,com.example.harry.wakeup.adapters,ListTaskListAdapter,getItem.(I)Ljava/lang/Object;,29
jn222na,com.example.DAL,CRUD,sortFirstAndLastname.(I)Ljava/lang/Object;,27
PunchApp,com.android.volley.toolbox,PoolingByteArrayOutputStream,write.(I)V,29
twitter,com.twitter.http2,HttpConnection,updateSendWindowSize.(II)I,28
yxsu,com.petuum.ps.thread,SSPRowRequestOpLogMgr,getOpLog.(I)Ljava/lang/Object;,25
MikeLydeamore,cofh.gui.client,GuiFriendsList,mouseClicked.(III)V,30
lorinczpatrik,tema2_TP,Simulator,addHandlers.(I)V,27
zhangruoxu,VC.CodeGen,Emitter,emitILOAD.(I)V,36
frigidrain,scheduler,TaskGroup,createChunks.(I)V,31
aurora-lzzp,student,ClassMgr,setClassMgrid.(I)V,32
Trololoshe4ki,-,Proba3,metodDelete.(I)V,29
Jumping-alien-W-and-M,jumpingalien.model,World,getTilePos.(I)I,28
TheTemportalist,com.temportalist.thaumicexpansion.common.tile,TEThaumicAnalyzer,receiveGuiNetworkData.(II)V,27
double0291,io.vov.vitamio.widget,CenterLayout,onMeasure.(II)V,29
clear2zero,com.ksy.media.data,MediaPlayerUtils,isWindowMode.(I)Z,27
fbrass,de.spqr.inventorychangeapp,PartServer,changeFronWindowAmount.(I)Z,30
niosus,com.learnit.learnit.fragments.learn_fragments,AbstractLearnFragment,fetchNewRandomWordsAsync.(I)V,29
TBtomislav,jxl.write.biff,WritableWorkbookImpl,getLastExternalSheetIndex.(I)I,28
StefanCiotec,ro.pub.cs.systems.pdsd.lab05.sample09baseadapter.controller,CartoonAdapter,getItemId.(I)J,34
KenyStev,ChessChaturanga.Logica.Pieces,Pawn,validMovement.(II)Z,38
di-ruan,shared,RDSWrapper,getRestaurantCoupons.(I)Ljava/lang/Object;,28
TBtomislav,jxl.format,Colour,getInternalColour.(I)Ljava/lang/Object;,28
zhangruoxu,VC.CodeGen,Emitter,emitICONST.(I)V,57
gpfjeff,com.gpfcomics.android.ppp,Cardset,calculateCardWdith.(II)I,31
twitter,com.twitter.http2,HttpConnection,getReceiveWindowSizeLowerBound.(I)I,27
jordanywhite,edu.up.cs301.game,GameHumanPlayer,flash.(II)V,28
igrief15,-,Board,occupy.(II)V,28
abraxasson,at.abraxas.amarino.plugins.orientation,EditActivity,getRate.(I)I,28
fabiuz7,edu.umd.cloud9.util,ArrayListOfInts,lastIndexOf.(I)I,27
jhonnybsg,br.com.gamezes.presenter,GameStartScreenPresenter,virifyMove.(I)V,30
ParthoShuvo,com.apppreview.shuvojit.androiddatabase.databases,StudentDatabase,getStudentInfoList.(I)Ljava/lang/Object;,29
tliu17,-,OpenHashing,delete.(II)V,37
JsonHunt,com.squareup.okhttp.internal.tls,DistinguishedNameParser,getByte.(I)I,31
double0291,com.android.volley.toolbox,PoolingByteArrayOutputStream,write.(I)V,26
ronak1790,core,Database,getUsername.(I)Ljava/lang/Object;,31
caseyjames,assignment9,PriorityQueueHEAP,swap.(II)V,28
alexditu,ro.pub.cs.systems.pdsd.lab05.addressbook.controller,ContactAdapter,setCheckedItemPosition.(I)V,26
pfyuit,com.pfyuit.myalgorithm.datastructure.hash,HashTable,find.(I)Lcom/pfyuit/myalgorithm/datastructure/hash/HashTable$DataItem;,28
eevans,SevenZip.Compression.LZMA,Base,StateUpdateMatch.(I)I,27
Jumping-alien-W-and-M,jumpingalien.common.sprites,ImageSprite,scaleToWidth.(I)Ljava/lang/Object;,26
MikeLydeamore,powercrystals.core.gui.controls,Button,getTextColor.(II)I,38
double0291,com.dreamland.util.cache,MemoryLruCache,trimToSize.(I)V,28
TBtomislav,jxl.biff.drawing,BlipType,getType.(I)Ljxl/biff/drawing/BlipType;,38
jordanywhite,edu.up.cs301.othello,OthelloState,isLegalMove.(II)Z,29
alexditu,ro.pub.cs.systems.pdsd.lab05.sample09baseadapter.controller,CartoonAdapter,getItemId.(I)J,27
yojek,com.sflow.jmx,SFlowAgent,pad.(I)I,27
yxsu,com.petuum.ps.server,CallBackSubs,unsubscribe.(I)Z,28
sheryanresutov,GameBackEnd,GameLobby,joinGame.(II)V,28
divinebooger,-,Board,unoccupy.(II)V,27
beast1944,com.andreikushner.finana.app,NavigationDrawerFragment,selectItem.(I)V,28
sephiroth74,it.sephiroth.android.library.overlaymenu,OverMenuView,setDefaultPosition.(I)V,27
martincameron,ibxm,Data,load.(II)V,29
AdaptiveSystem,com.movie.worth.dao,Ratings,getRatingCountOfOneUser.(I)I,28
abraxasson,at.abraxas.amarino.plugins.orientation,EditActivity,getRateText.(I)Ljava/lang/Object;,27
netixx,fr.enst.infsi351.notedown.util,PdfEngine,prepareRender.(I)Z,29
gpfjeff,com.gpfcomics.android.ppp,Cardset,setPasscodeLength.(I)V,29
TBtomislav,jxl.format,Alignment,getAlignment.(I)Ljxl/format/Alignment;,30
TBtomislav,jxl.format,BorderLineStyle,getStyle.(I)Ljxl/format/BorderLineStyle;,33
nefiga,fastpace.com.appme.action,Action,setActionChanngeDrawable.(I)V,26
Jumping-alien-W-and-M,jumpingalien.common.sprites,ImageSprite,scaleToHeight.(I)Ljava/lang/Object;,26
pinguo-zhangshuchun,kari.com.org.camerademo,CameraActivity,changeCameraZoom.(I)V,28
hpu-spring87,com.hpuvoice.app,ContentActivity,onPageScrollStateChanged.(I)V,25
KenyStev,com.ZeroStudio.Algorimos.week1,WeightedQuickUnionUF,union.(II)V,27
TheTemportalist,com.temportalist.thaumicexpansion.common.tile,TEThaumicAnalyzer,rotateDirectlyTo.(I)V,26
twitter,com.twitter.http2,HttpConnection,isRemoteSideClosed.(I)Z,27
KenyStev,com.ZeroStudio.Algorimos.week1,QuickUnionUF,union.(II)V,28
zyq001,edu.bupt.zyq,PascalsTriangle,getRow.(I)Ljava/util/List;,76
alexditu,ro.pub.cs.systems.pdsd.lab05.sample09baseadapter.controller,CartoonAdapter,getItem.(I)Ljava/lang/Object;,28
nemui,deep.dark.lonebrewer,LBWFCompanionConfigActivity,startColourPicking.(I)V,27
sheryanresutov,gui,Card,getID.(I)I,109
Trololoshe4ki,-,Proba3,deleteVertex.(I)V,27
StefanCiotec,ro.pub.cs.systems.pdsd.lab05.sample10listactivity.controller,CartoonAdapter,getItemViewType.(I)I,28
eevans,SevenZip.Compression.LZMA,Base,StateUpdateRep.(I)I,26
jfeinstein10,com.jeremyfeinstein.slidingmenu.lib.app,SlidingActivity,setBehindContentView.(I)V,27
TBtomislav,jxl.write.biff,WritableWorkbookImpl,getSheet.(I)Ljava/lang/Object;,27
igorgatis,com.googlecode.compress_j2me.lzc,LZCOutputStream,writeCode.(II)V,29
caseyjames,assignment5,MyLinkedList,get.(I)Ljava/lang/Object;,28
abraxasson,at.abraxas.amarino.example.plugin.compass,MyEditActivity,getRateText.(I)Ljava/lang/Object;,27
netixx,fr.enst.infsi351.notedown.fragment,SideBySidePdfRendererFragment,clearMarkers.(I)V,28
voxelcarrot,io.bunnies.fractalmaps.view,FractalView,onSizeChanged.(IIII)V,28
di-ruan,shared,RDSWrapper,deleteCoupon.(II)Z,27
Jumping-alien-W-and-M,jumpingalien.common.sprites,ImageSprite,shiftHue.(I)Ljava/lang/Object;,27
jhonnybsg,br.com.gamezes.screens,PlayerSelectScreen,mouseMoved.(II)Z,26
mirabon,com.artech.prototype2.tsaplin.statistics.ngrams,AbstractSingleWord,getNthWord.(I)Ljava/lang/Object;,28
supernova-cmu,CV,CrossValidation,shuffle.(I)V,28
tkleisas,org.teacake.monolith.apk,HighScoreTable,isHighScore.(I)Z,28
immlf,ua.pp.lab101.synthesizercontrol.adregisters,ADRegister,setStateByMask.(I)V,27
clhernandez,cl.usach.lab1.db.DAO.rrhh,TrabajadorDAO,eliminarTrabajador.(I)Z,28
TomWerner,com.wernerapps.ezbongo.StopListing,ExpandableSwipeAdapter,getGroupId.(I)J,27
hpu-spring87,com.hpuvoice.app,ChatActivity,dotsItem.(I)Ljava/lang/Object;,27
PunchApp,com.android.volley.mock,MockHttpClient,setErrorCode.(I)V,28
stickfigure,unsuck.lang,DateUtil,birthFloor.(I)Ljava/lang/Object;,28
shred,org.shredzone.feinrip.gui,NoListSelectionModel,addSelectionInterval.(II)V,28
Rothens,hu.rothens.qlib.model,Quest,setRequest.(II)V,28
fabiuz7,edu.umd.cloud9.util,ArrayListOfInts,contains.(I)Z,27
StefanCiotec,ro.pub.cs.systems.pdsd.lab05.sample10listactivity.controller,CartoonAdapter,getItemId.(I)J,26
chanueting,be.ac.ulg.montefiore.run.jahmm.learn,BaumWelchLearner,setNbIterations.(I)V,28
linsonzhao,video.app.com.views,ScallingImageView,onMeasure.(II)V,29
igrief15,-,Player,move.(I)I,30
itot0103,ocha.itolab.koala.datagen.egotwitter,FeatureProcessor,addAccountClusters.(II)V,29
compgen-io,io.compgen.common,TallyCounts,incrementKey.(I)V,29
yanxch,fizz.buzz.whizz.fizzbuzz,FizzBuzzGame,askNumber.(I)Ljava/lang/Object;,38
eevans,SevenZip.Compression.LZ,InWindow,ReduceOffsets.(I)V,27
divinebooger,huglife,StdDraw,isKeyPressed.(I)Z,87
fabiuz7,edu.priceton.cs.graph,DigraphGenerator,rootedOutTree.(I)Ljava/lang/Object;,28
srivathsarao,com.vertexnet.realestate.model.tablemodel,SitePaymentTableModel,isCellEditable.(II)Z,27
divinebooger,ngordnet,NGramMap,getRecord.(I)Ljava/lang/Object;,29
sheryanresutov,GameBackEnd,Game,block.(I)Ljava/lang/Object;,28
clhernandez,cl.usach.lab1.db.DAO.rrhh,DepartamentoDAO,eliminarDepartamento.(I)Z,29
srivathsarao,com.vertexnet.realestate.model.tablemodel,SitesTableModel,getColumnName.(I)Ljava/lang/Object;,27
pfyuit,com.pfyuit.myalgorithm.datastructure.hash,HashTable,hashFunc.(I)I,29
jfeinstein10,com.jeremyfeinstein.slidingmenu.lib.app,SlidingPreferenceActivity,findViewById.(I)Ljava/lang/Object;,28
hpu-spring87,com.hpuvoice.XlistView,XListViewFooter,setBottomMargin.(I)V,28
compgen-io,io.compgen.common,TallyCounts,getCount.(I)J,29
igorgatis,com.googlecode.compress_j2me.lzc,LZCOutputStream,compress.(I)V,28
hpu-spring87,com.hpuvoice.app,ChatActivity,isDeletePng.(I)Z,29
ey-,com.aje.logic16.app.GameLogic,GameLogic,updatePlayerAssignment.(I)V,29
sheryanresutov,gui,CardGrid,animateRemoveCard.(I)V,29
hpu-spring87,com.hpuvoice.XlistView,XListViewFooter,setState.(I)V,29
jeremux,serveur,TreeImpl,getCptMessage.(I)I,28
WyattPearson,ui,DrawPanel,setSize.(II)V,101
TBtomislav,jxl.biff,Fonts,getFont.(I)Ljava/lang/Object;,30
niosus,com.learnit.learnit.activities,HomeworkActivity,removeWordFromActiveList.(I)V,28
phdabel,ufrgs.maslab.abstractsimulator.variables,FireStation,act.(I)V,29
phdabel,ufrgs.maslab.abstractsimulator.algorithms,KMeans,initializeCentroids.(I)V,30
igorgatis,com.googlecode.compress_j2me.gzip,ZStream,readLittleEndian.(I)I,31
divinebooger,-,Board,getPos.(I)Ljava/lang/Object;,27
yojek,com.sflow.jmx,SFlowAgent,dsIndex.(I)V,27
Mandrivia,main,ProblemData,setnZ.(I)V,36
MikeLydeamore,powercrystals.core.gui.controls,Button,onMousePressed.(III)Z,27
harrisca,com.zephyrus.testapp.carletonenergyapp.app,MainActivity,setCurrentView.(I)V,26
srivathsarao,com.vertexnet.realestate.model.tablemodel,LayoutsTableModel,getValueAt.(II)Ljava/lang/Object;,26
KenyStev,-,BinaryStdOut,writeByte.(I)V,32
TBtomislav,jxl.biff.formula,Area3d,adjustRelativeCellReferences.(II)V,28
cyanskies,au.edu.deakin.ice.meltdown,SoundManager,stop.(I)V,26
butlersrepos,dungeonDigger.entities.templates,ZombieTemplate,update.(I)V,27
Notze,io.github.notze.redstoneswords,Events,toLevel.(II)I,49
tliu17,-,DirectedMatrixGraph,addEdge.(II)V,27
bradfordkyle11,com.kmbapps.classscheduler,AddClassSectionActivity,createSection.(I)Ljava/lang/Object;,27
stickfigure,unsuck.lang,DateUtil,calculateDaysAgoJoinedFloor.(I)Ljava/lang/Object;,27
clear2zero,com.ksy.media.data,MediaPlayerUtils,isFullScreenMode.(I)Z,27
gpfjeff,com.gpfcomics.android.ppp,Cardset,isValidCardNumber.(I)Z,27
fabiuz7,edu.priceton.cs.graph,DigraphGenerator,complete.(I)Ljava/lang/Object;,25
danielsnipher,br.com.fiap.blind,MapRouteActivity,onInit.(I)V,29
clhernandez,cl.usach.lab1.rrhh.rmi.client,ClienteRrhhRMI,eliminarDepartamento.(I)Z,29
caseyjames,assignment8,HashTable,isPrime.(I)Z,28
igorgatis,com.googlecode.compress_j2me.lzc,LZCStream,readCode.(I)I,28
clhernandez,cl.usach.lab1.finanzas.rmi.client,ClienteFinanzasRMI,getProductoById.(I)Ljava/lang/Object;,29
AxelSilvestre,fr.sedara.pusher.model,Game,timerTask.(II)Ljava/lang/Object;,27
fbrass,de.spqr.activitiderbysoapservice,PartServer,changeWheelAmount.(I)Z,29
uqbar-project,com.uqbar.commons.descriptor,ClassForDescription,method4.(I)Ljava/lang/Object;,28
pfyuit,com.pfyuit.myalgorithm.datastructure.graph,PriorityQueue,trickleUp.(I)V,30
igorgatis,com.googlecode.compress_j2me.gzip,ZStream,writeBits.(II)V,35
yxsu,com.petuum.ps.server,Server,findCreateRow.(II)Ljava/lang/Object;,29
kinneyyan,com.yanshi.my36kr.common.view.slidingTab,SlidingTabLayout,scrollToTab.(II)V,29
voodoodyne,org.subethamail.smtp.io,ThresholdingOutputStream,thresholdReached.(II)V,27
alkatena,aviones.modelo,ScoreMax,esMayorElPuntaje.(I)Z,29
zlim,jnt.scimark2,Random,initialize.(I)V,34
TBtomislav,jxl.write.biff,WritableWorkbookImpl,getLastExternalSheetName.(I)Ljava/lang/Object;,29
clhernandez,cl.usach.lab1.db.DAO.finanzas,ClienteDAO,eliminarCliente.(I)Z,29
martincameron,micromod.compiler,AudioData,setSamplingRate.(I)V,27
clrung,-,Heap,left.(I)I,26
fabiuz7,edu.umd.cloud9.util,ArrayListOfFloats,ensureCapacity.(I)V,29
StefanCiotec,ro.pub.cs.systems.pdsd.lab05.addressbook.controller,ContactAdapter,getItemId.(I)J,27
sheryanresutov,GameBackEnd,GameLobby,findPlayer.(I)Ljava/lang/Object;,29
divinebooger,-,Piece,move.(II)V,28
Jumping-alien-W-and-M,jumpingalien.model,World,getProperYWindow.(I)I,28
Tibolte,is.arontibo.library.VectorCompat,DrawableCompat,setLayoutDirection.(I)V,29
ahielg,hebrewDate,CalendarUtils,hebrewLeapYear.(I)Z,28
markatithinkbest,tcnr18.com.finalproject,NavigationDrawerFragment,selectItem.(I)V,28
srivathsarao,com.vertexnet.realestate.model.tablemodel,PaymentPlansTableModel,getValueAt.(II)Ljava/lang/Object;,27
fabiuz7,edu.umd.cloud9.util,ArrayListOfInts,add.(II)V,33
TBtomislav,jxl.write.biff,RowRecord,removeColumn.(I)V,31
MikeLydeamore,powercrystals.core.gui.controls,ListBox,onMousePressed.(III)Z,31
alexditu,ro.pub.cs.systems.pdsd.lab05.sample10listactivity.controller,CartoonAdapter,getItem.(I)Ljava/lang/Object;,28
nikit-cpp,player,CustomPlayer,play.(I)Z,30
alexditu,ro.pub.cs.systems.pdsd.lab05.sample10listactivity.controller,CartoonAdapter,getItemId.(I)J,28
immlf,ua.pp.lab101.synthesizercontrol.activity.main,MainActivity,onModeSelected.(I)V,29
sheryanresutov,gui,CardGrid,removeCard.(I)V,30
srivathsarao,com.vertexnet.realestate.model.tablemodel,PaymentPlansTableModel,isCellEditable.(II)Z,29
xujiabin,com.zol.backserver.util.date,DateConvertUtil,getWeekCnSn.(I)Ljava/lang/Object;,32
Jumping-alien-W-and-M,jumpingalien.common.sprites,ImageSprite,resizeTo.(II)Ljava/lang/Object;,30
divinebooger,-,StdDrawPlus,isKeyPressed.(I)Z,87
parthtejani,com.parthtejani.listminer,ListMiner,factorize.(I)Ljava/lang/Object;,29
fbrass,de.spqr.inventorychangeapp,PartServer,changeTireAmount.(I)Z,28
divinebooger,huglife,StdDraw,show.(I)V,95
alkatena,aviones.modelo,ScoreMax,actualizarPuntaje.(I)V,27
KenyStev,ChessChaturanga.Logica.Pieces,Horse,validMovement.(II)Z,26
NanodegreeStudent,com.danilaeremin.nicecoffee.Adapters,SubcategoryAdapter,getCategory.(I)Ljava/lang/Object;,28
shred,org.shredzone.feinrip.gui,NoListSelectionModel,setSelectionInterval.(II)V,27
fbrass,de.spqr.activitiderbysoapservice,PartServer,changeBackWindowAmount.(I)Z,27
divinebooger,-,Board,drawBoard.(II)V,67
divinebooger,-,ExceptionDemo,printPositiveNumber.(I)V,35
Jumping-alien-W-and-M,jumpingalien.model,World,setYWindow.(I)V,31
Mandrivia,main,ProblemData,columnDist.(II)I,32
nutgaard,no.utgdev.nfpa,DiamondSettingsPanel,selectByState.(II)V,31
ricardocaldeira,controle,Con_Lote_Ezeq,setIdLote.(I)V,30
TBtomislav,jxl.biff,FormattingRecords,getXFRecord.(I)Ljava/lang/Object;,30
DShamaev,com.hikimori911.mylastfmclient.appinterface,MainMenuAdapter,isPositionHeader.(I)Z,30
KenyStev,Zero.Studio.Gato,Gato,setX.(II)V,35
niosus,com.learnit.learnit.fragments.learn_fragments,AbstractLearnFragment,onAnimationStarted.(II)V,28
tecnomatico,com.freelancersteam.www.java.tomafoto.dominio.dao.imp,EmpleadoDaoImp,getEmpleadoDni.(I)Ljava/lang/Object;,28
TBtomislav,jxl.biff,FormattingRecords,isDate.(I)Z,28
luizrogeriocn,-,ListaDeCantinas,getEstoqueByPort.(I)I,28
fabiuz7,edu.priceton.cs.graph,GraphGenerator,complete.(I)Ljava/lang/Object;,27
The-WUUSTER,markov,monteCarlo,indexLookup.(I)I,29
jfeinstein10,com.jeremyfeinstein.slidingmenu.lib.app,SlidingPreferenceActivity,setContentView.(I)V,27
onespot,onespot.pivotal.api.dao,ProjectMembershipsDAO,id.(I)Ljava/lang/Object;,27
divinebooger,-,Board,function.(I)I,29
CaptainSpam,net.exclaimindustries.drivelapse,DriveLapse,switchButtonStates.(I)V,28
clear2zero,com.ksy.media.widget,MediaPlayerBaseControllerView,show.(I)V,28
Jumping-alien-W-and-M,jumpingalien.model,World,setWindowHeight.(I)V,27
sheryanresutov,gui,CardGrid,removeCard.(II)V,29
voodoodyne,org.subethamail.smtp.io,CRLFOutputStream,write.(I)V,28
martincameron,ibxm,Envelope,calculateAmpl.(I)I,28
srivathsarao,com.vertexnet.realestate.model.tablemodel,CustomersTableModel,getColumnClass.(I)Ljava/lang/Object;,30
sivang,org.kde.necessitas.origo,QtActivity,onCreateDialog.(I)Ljava/lang/Object;,28
boulderalf,com.boulderalf.markdown2mm,ToMmSerializer,createNode.(I)Ljava/lang/Object;,38
double0291,com.android.volley.toolbox,PoolingByteArrayOutputStream,expand.(I)V,28
avoajaugochukwu,com.biito.masterflow,WebpageListFragment,setActivatedPosition.(I)V,27
martincameron,ibxm,Sample,normaliseSampleIdx.(I)I,64
vcsupser,io.netty.example.portunification,PortUnificationServerHandler,isFactorial.(I)Z,31
linsonzhao,video.app.autobahn,WebSocketOptions,setMaxMessagePayloadSize.(I)V,31
jeremux,serveur,TreeImpl,aRecu.(I)Z,31
jhonnybsg,br.com.gamezes.screens,PlayerSelectScreen,keyDown.(I)Z,31
JsonHunt,com.squareup.okhttp.internal.spdy,Settings,getDownloadRetransRate.(I)I,28
BoBinLee,com.skhu.service,SkhuBrdService,addQnABrd.(II)Z,30
luizrogeriocn,-,ListaDeCantinas,referenciaCadastrada.(I)Z,30
WyattPearson,ui,DrawPanel,resizeImage.(II)V,106
asleepcat,org.eclipse.wb.swt,SWTResourceManager,getColor.(III)Ljava/lang/Object;,29
Jumping-alien-W-and-M,jumpingalien.model,World,setWindowHeight.(I)V,28
alexditu,ro.pub.cs.systems.pdsd.lab05.sample10listactivity.controller,CartoonAdapter,getItemViewType.(I)I,29
TheTemportalist,com.temportalist.thaumicexpansion.common.tile,TEThaumicAnalyzer,updateForTier.(I)V,28
lorinczpatrik,tema2_TP,Simulator,setVal.(I)V,28
supernova-cmu,CV,CrossValidationWithPruning,shuffle.(I)V,29
sheryanresutov,GameBackEnd,Game,disconnectPlayer.(I)V,27
sivang,org.kde.necessitas.origo,QtActivity,super_onCreatePanelView.(I)Ljava/lang/Object;,27
PunchApp,com.android.volley.toolbox,PoolingByteArrayOutputStream,expand.(I)V,29
juancki,com.juancarlosgomez.threeonthree,MainActivity,setCurrentFlat.(I)V,29
divinebooger,-,ObjectList,get.(I)Ljava/lang/Object;,29
yxsu,com.petuum.ps.common.util,VectorClock,isUniqueMin.(I)Z,29
JsonHunt,org.apache.cordova,CordovaBridge,jsSetNativeToJsBridgeMode.(II)V,29
jordanywhite,edu.up.cs301.othello,OthelloState,setTurn.(I)V,29
abraxasson,at.abraxas.amarino.plugins.accelerometer,EditActivity,getRate.(I)I,30
allen-dolph,com.allendolph.f1results,NavigationDrawerFragment,selectItem.(I)V,42
fabiuz7,edu.umd.cloud9.util,ArrayListOfInts,shiftLastNToTop.(I)V,32
zhangruoxu,VC.CodeGen,Emitter,emitALOAD.(I)V,30
srivathsarao,com.vertexnet.realestate.model.tablemodel,LayoutsTableModel,getColumnName.(I)Ljava/lang/Object;,28
frigidrain,scheduler,TaskGroup,setDuration.(I)V,27
martincameron,micromod,Channel,waveform.(II)I,28
sheryanresutov,GameBackEnd,Game,onSubmit.(IIII)Ljava/lang/Object;,28
StefanCiotec,ro.pub.cs.systems.pdsd.lab05.addressbook.controller,ContactAdapter,getItem.(I)Ljava/lang/Object;,27
AdaptiveSystem,com.movie.worth.dao,Ratings,checkIfThisUserRatedThisMovie.(II)Ljava/lang/Object;,29
mathewreny,com.unl.cse,Compiler,returnBinaryNumber.(II)Ljava/lang/Object;,35
JsonHunt,com.squareup.okhttp.internal.spdy,Settings,set.(III)V,29
CMTelecom,com.cmtelecom.example.activities,RegistrationActivity,getCountryISOForCountryCode.(I)Ljava/lang/Object;,29
caseyjames,assignment5,MyLinkedList,remove.(I)Ljava/lang/Object;,28
ey-,com.aje.logic16.app.serverApi,api,getHighScore.(I)Ljava/lang/Object;,29
clear2zero,com.ksy.media.player,BaseMediaPlayer,notifyOnBufferingUpdate.(I)V,28
gpfjeff,com.gpfcomics.android.ppp,Cardset,isValidNumberOfRows.(I)Z,27
TymchenkoIvan,com.company.web.controller,ProductsServlet,setPages.(II)I,28
nwtgck,jp.dip.nwtgck.bindable.component,Arrangement,get.(I)Ljava/lang/Object;,27
divinebooger,-,GenericList,get.(I)Ljava/lang/Object;,28
immlf,ua.pp.lab101.synthesizercontrol.activity.accessory,ReadDataFromCSVFileActivity,checkTime.(III)Z,33
ronenfilho,com.imagery.imagerymedical,FullScreenViewActivity,adjustImageAspect.(II)V,32
RedingG,com.reding.qrcard,WelcomeActivity,onPageSelected.(I)V,26
twitter,com.twitter.http2,HttpHeaderBlockEncoder,setEncoderMaxHeaderTableSize.(I)V,28
JPII,-,Bullet,increaseX.(I)V,27
TheTemportalist,com.temportalist.thaumicexpansion.common.tile,TEThaumicAnalyzer,installAugment.(I)Z,29
bitcrystal,de.bitcrystal.decentralizedexchange.security,BitCrystalKeyGenerator,getByteSizeHash.(I)I,33
sheryanresutov,gui,GamePanel,setGameID.(I)V,29
ronenfilho,com.imagery.imagerymedical,MainActivity,displayView.(I)V,28
srivathsarao,com.vertexnet.realestate.model.tablemodel,EmployeesTableModel,getValueAt.(II)Ljava/lang/Object;,27
tkleisas,org.teacake.monolith.apk,HighScoreTable,getHighScore.(I)Ljava/lang/Object;,26
martincameron,micromod,Channel,updateSampleIdx.(II)V,28
TBtomislav,jxl.biff,BuiltInName,getBuiltInName.(I)Ljxl/biff/BuiltInName;,251
lerichard95,-,RandTreeGenInt,exhaustTreeN.(III)Ljava/lang/Object;,95
jfeinstein10,com.jeremyfeinstein.slidingmenu.lib.app,SlidingMapActivity,setContentView.(I)V,27
GugleGH,ru.nosov.SMSreader.db.adapters,AdapterPSTv1,getItemViewType.(I)I,28
luizrogeriocn,-,ListaDeCantinas,removerReferencia.(I)V,29
onespot,onespot.pivotal.api.dao,ProjectMembershipsDAO,getMembershipFromPersonId.(I)Ljava/lang/Object;,26
PrudhviRaju123,akron.zippy.app,HomeScreen21,displayView.(I)V,27
alexditu,ro.pub.cs.systems.pdsd.lab05.sample11listfragment.controller,CartoonAdapter,getItemId.(I)J,27
Jumping-alien-W-and-M,jumpingalien.model,World,setXWindow.(I)V,26
ey-,com.aje.logic16.app.serverApi,api,getScore.(I)Ljava/lang/Object;,28
roma,com.rakuten.rit.roma.romac4j.connection,RomaSocketPool,init.(IIII)V,29
jfeinstein10,com.jeremyfeinstein.slidingmenu.lib.app,SlidingActivityHelper,findViewById.(I)Ljava/lang/Object;,27
JsonHunt,com.squareup.okhttp.internal.spdy,Settings,getUploadBandwidth.(I)I,26
GugleGH,ru.nosov.SMSreader.db.adapters,AdapterPSTv1,getItem.(I)Ljava/lang/Object;,27
divinebooger,-,StdDrawPlus,setPenColor.(III)V,86
AxelSilvestre,fr.sedara.pusher.model,Game,playerForward.(II)Z,28
igorgatis,com.googlecode.compress_j2me.gzip,ZStream,byteAtDistance.(I)I,32
billcchung,tw.billchung.taiwancoffeeprices,NavigationDrawerFragment,selectItem.(I)V,26
jhonnybsg,br.com.gamezes.screens,PlayerSelectScreen,keyUp.(I)Z,26
Tyrtle,trevorwarner.individualgame,UpgradesShop,increasePrice.(II)I,28
gpfjeff,com.gpfcomics.android.ppp,Cardset,setNumberOfRows.(I)V,29
jfeinstein10,com.jeremyfeinstein.slidingmenu.lib.app,SlidingPreferenceActivity,setBehindContentView.(I)V,26
divinebooger,-,Board,occupy.(II)V,28
martincameron,ibxm,Data,ubeShort.(I)I,28
divinebooger,-,SortedComparableList,get.(I)Ljava/lang/Comparable;,27
butlersrepos,dungeonDigger.entities.templates,ZombieTemplate,newStr.(I)I,28
tuanhq,org.thq.business,ContentInfoDAO,getDtoById.(I)Ljava/lang/Object;,37
vcsupser,io.netty.example.portunification,PortUnificationServerHandler,isHttp.(II)Z,29
clrung,-,Heap,heapifyDown.(I)V,28
clhernandez,cl.usach.lab1.finanzas.rmi.client,ClienteFinanzasRMI,getOrdenProductoById.(I)Ljava/lang/Object;,28
TBtomislav,jxl.write.biff,RowRecord,getCell.(I)Ljava/lang/Object;,30
divinebooger,huglife,StdDraw,setCanvasSize.(II)V,89
thergbway,gui,MazeVisualizer,addAppropriateFlagIfPossible.(II)V,29
raphapacheco,br.com.backapp.finfacil.activity.spinner_adapter,CategoriaSpinnerAdapter,getItemId.(I)J,28
lluidesia,com.stfalcon.lostandfound.tabs,SlidingTabLayout,setCustomTabView.(II)V,29
yxsu,com.petuum.ps.server,ServerRow,unsubscribe.(I)V,29
pfyuit,com.pfyuit.myalgorithm.datastructure.tree,Heap,trickleUp.(I)V,29
sheryanresutov,GameBackEnd,GameLobby,findGame.(I)Ljava/lang/Object;,27
Freezard,com.example.lab6.dialer,DialerView,playSound.(I)V,28
swapneshgandhi,com.cloudwick.training.patterns,UserFactory,getObject.(I)Ljava/lang/Object;,27
fabiuz7,edu.priceton.cs.graph,GraphGenerator,completeBipartite.(II)Ljava/lang/Object;,26
shred,org.shredzone.feinrip.dvb.si,CharsetMapper,mapCharacterCode.(I)Ljava/nio/charset/Charset;,4319
clear2zero,com.ksy.media.player,BaseMediaPlayer,notifyOnVideoSizeChanged.(IIII)V,29
srivathsarao,com.vertexnet.realestate.model.tablemodel,SitesTableModel,isCellEditable.(II)Z,32
zyq001,edu.bupt.zyq,CountandSay,countAndSay.(I)Ljava/lang/String;,60
yxsu,com.petuum.ps.server,Server,addRowRequest.(IIII)V,29
unaveed,asteroids,Debris,createDebris.(I)Ljava/lang/Object;,29
kinneyyan,com.yanshi.my36kr.activity,MainActivity,selectItem.(I)V,29
patriciocordova,io.vov.vitamio.widget,CenterLayout,onMeasure.(II)V,28
tliu17,-,DirectedMatrixGraph,areNeighbors.(II)Z,33
StefanCiotec,ro.pub.cs.systems.pdsd.lab05.addressbook.controller,ContactAdapter,setCheckedItemPosition.(I)V,26
RomanStoyko,com.storoman.app,MainActivity,delayedHide.(I)V,26
mtudora,com.application.timmy.ui,OfficeMapView,onMeasure.(II)V,27
TBtomislav,jxl.format,ScriptStyle,getStyle.(I)Ljxl/format/ScriptStyle;,28
jlnunn2372,bubblePopper,ScoreBoardController,addScoreToList.(II)V,28
DHIS2,org.dhis2.mobile.utils.date.expiryday,SixMonthlyAprilExpiryDayValidator,monthOfYear.(I)I,30
igorgatis,com.googlecode.compress_j2me.gzip,ZStream,readBits.(I)I,32
bitcrystal,de.bitcrystal.decentralizedexchange.security,BitCrystalKeyGenerator,getByteSizeKey.(I)I,33
harithan81,com.lm.service,BookService,findOne.(I)Ljava/lang/Object;,27
Shanmathi1,edu.uic.cs583.msgsp,Input,min.(II)I,31
zyq001,edu.bupt.zyq,FactorialTrailingZeroes,trailingZeroes.(I)I,56
bradfordkyle11,com.kmbapps.classscheduler,SortByDialogFragment,onSortingKeySelected.(I)V,28
SvenDub,nl.svendubbeld.car.activity,CarActivity,onConnectionSuspended.(I)V,27
divinebooger,-,Calculator,add.(II)I,29
divinebooger,huglife,HugLifeUtils,randomInt.(I)I,28
Jumping-alien-W-and-M,jumpingalien.common.sprites,ImageSprite,shiftHue.(I)Ljava/lang/Object;,26
voodoodyne,org.subethamail.smtp.io,ExtraDotOutputStream,write.(I)V,28
igorgatis,com.googlecode.compress_j2me.gzip,ZStream,checkNoEOF.(I)V,32
zlim,jnt.scimark2,FFT,log2.(I)I,87
srivathsarao,com.vertexnet.realestate.model.tablemodel,PaymentPlansTableModel,getColumnClass.(I)Ljava/lang/Object;,28
shred,org.shredzone.feinrip.gui,JLabelGroup,setVerticalAlignment.(I)V,100
igrief15,-,Board,getPos.(I)Ljava/lang/Object;,27
twitter,com.twitter.http2,HttpConnection,getSendWindowSize.(I)I,28
TBtomislav,jxl.write.biff,RowRecord,removeCell.(I)V,28
yxsu,com.petuum.ps.thread,SSPRowRequestOpLogMgr,opLogIterInit.(II)Ljava/lang/Object;,29
jordanywhite,edu.up.cs301.game.config,GameConfig,removePlayer.(I)V,29
divinebooger,huglife,StdDraw,setPenColor.(III)V,99
Ehb-IPG13,be.ehb.ipg13.fastjobs,NavigationDrawerFragment,selectItem.(I)V,29
bradfordkyle11,com.kmbapps.classscheduler,NavigationDrawerFragment,selectItem.(I)V,29
martincameron,micromod.compiler,AudioData,resample.(II)Lmicromod/compiler/AudioData;,29
caseyjames,assignment2,LibraryGeneric,getOverdueList.(III)Ljava/lang/Object;,27
abraxasson,at.abraxas.amarino.plugins.accelerometer,EditActivity,getRateText.(I)Ljava/lang/Object;,27
fabiuz7,edu.priceton.cs.graph,DigraphGenerator,rootedInTree.(I)Ljava/lang/Object;,27
twitter,com.twitter.http2,HttpConnection,getPendingWrite.(I)Ljava/lang/Object;,29
linsonzhao,video.app.autobahn,WebSocketOptions,setSocketReceiveTimeout.(I)V,28
butterflylove,practice,FourSum,isSame.(IIII)Z,52
fbrass,de.spqr.inventorychangeapp,PartServer,changeBackWindowAmount.(I)Z,30
martincameron,micromod,Note,transpose.(II)I,122
Mandrivia,main,ProblemData,getBalloonsCoord.(I)Ljava/lang/Object;,28
tliu17,-,MatrixGraph,areNeighbors.(II)Z,30
StefanCiotec,ro.pub.cs.systems.pdsd.lab05.sample11listfragment.controller,CartoonAdapter,getItem.(I)Ljava/lang/Object;,28
clear2zero,com.ksy.media.widget,MediaPlayerView,doScreenOrientationRotate.(I)V,28
jfeinstein10,com.jeremyfeinstein.slidingmenu.lib.app,SlidingFragmentActivity,setBehindContentView.(I)V,26
clear2zero,com.ksy.media.widget,MediaPlayerView,convertAngle2Orientation.(I)I,27
yxsu,com.petuum.ps.thread,SSPRowRequestOpLogMgr,cleanVersionOpLogs.(II)V,32
TBtomislav,jxl.format,VerticalAlignment,getAlignment.(I)Ljxl/format/VerticalAlignment;,28
caseyjames,FinalProject,PriorityQueueHEAP,swap.(II)V,28
jfeinstein10,com.jeremyfeinstein.slidingmenu.lib.app,SlidingActivity,findViewById.(I)Ljava/lang/Object;,28
WyattPearson,ui,DrawPanel,setBounds.(IIII)V,98
linsonzhao,video.app.autobahn,WebSocketOptions,setSocketConnectTimeout.(I)V,37
clrung,-,Heap,heapifyUp.(I)V,28
isince,com.ndsince.dictsv.Adapter,CustomAdapter,getItem.(I)Ljava/lang/Object;,25
harithan81,com.lm.service,BookService,placeHoldOnBook.(I)Ljava/lang/Object;,29
immlf,ua.pp.lab101.synthesizercontrol.ftdiconverter,DataConverter,returnSetBitMask.(I)B,26
divinebooger,-,StdDrawDemo,drawBoard.(I)V,29
KenyStev,-,PalindromoAir,income.(I)D,29
bradfordkyle11,com.kmbapps.classscheduler,ClassLoader,releaseColor.(II)V,26
luizrogeriocn,-,ListaDeCantinas,adicionarReferencia.(II)V,27
stefanil,com.jsyn.examples,DualOscilloscope,startAudio.(I)V,29
Mandrivia,main,ProblemData,setnX.(I)V,27
jlnunn2372,main.java.bubblePopper,ScoreBoardController,comapreScore.(I)V,28
fabiuz7,edu.umd.cloud9.util,ArrayListOfInts,get.(I)I,30
kinneyyan,com.yanshi.my36kr.adapter.index,FeedAdapter,getItemViewType.(I)I,28
igorgatis,com.googlecode.compress_j2me.gzip,ZStream,write.(I)V,31
ey-,com.aje.logic16.app.GameLogic,Conjunction,getLiteral.(I)Ljava/lang/Object;,29
n11com,com.n11.tech.endlessadapter.adapter,EndlessAdapter,getItem.(I)Ljava/lang/Object;,29
flypigrmvb,kankan.wheel.widget.adapters,NumericWheelAdapter,getItemText.(I)Ljava/lang/Object;,29
raphapacheco,br.com.backapp.finfacil.activity.spinner_adapter,CategoriaSpinnerAdapter,getItem.(I)Ljava/lang/Object;,27
MikeLydeamore,powercrystals.core.gui.controls,ListBox,setSelectedIndex.(I)V,27
fabiuz7,edu.priceton.cs.graph,DigraphGenerator,tournament.(I)Ljava/lang/Object;,28
TheTemportalist,com.temportalist.thaumicexpansion.common.block,BlockThaumicAnalyzer,getIcon.(II)Ljava/lang/Object;,29
eevans,SevenZip.Compression.RangeCoder,Decoder,DecodeDirectBits.(I)I,30
TheTemportalist,com.temportalist.thaumicexpansion.common.tile,TEThaumicAnalyzer,getTexture.(II)Ljava/lang/Object;,28
JsonHunt,org.apache.cordova,LinearLayoutSoftKeyboardDetect,onMeasure.(II)V,29
stefanil,org.devel.jfxcontrols.scene.control.skin.animation,VelocityTracker,computeCurrentVelocity.(I)V,28
jlnunn2372,main.java.bubblePopper,ScoreBoardController,setHighScore.(I)V,27
TomWerner,com.wernerapps.ezbongo.StopListing,ExpandableSwipeAdapter,isChildSelectable.(II)Z,27
josinmartinez,Pruebas.LocalSearch,EightQueens,rowLessViolationsByColumn.(I)I,28
TheTemportalist,com.temportalist.thaumicexpansion.common.tile,TEThaumicAnalyzer,getAugmentedEnergy.(I)I,27
srivathsarao,com.vertexnet.realestate.model.tablemodel,CustomersTableModel,getValueAt.(II)Ljava/lang/Object;,29
igorgatis,com.googlecode.compress_j2me.gzip,ZStream,writeInternal.(I)V,31
RedingG,com.reding.qrcard,WelcomeActivity,setCurDot.(I)V,29
di-ruan,shared,RDSWrapper,getCustomerCoupons.(I)Ljava/lang/Object;,37
tphoney,com.android.neverheardthat,Collection,getArtist.(I)Ljava/lang/Object;,29
mathewreny,edu.unl.cse,Compiler,returnBinaryNumber.(II)Ljava/lang/Object;,33
jlnunn2372,bubblePopper,ScoreBoardController,setHighScore.(I)V,27
Jumping-alien-W-and-M,jumpingalien.common.sprites,ImageSprite,scaleToHeight.(I)Ljava/lang/Object;,27
Tibolte,is.arontibo.library.VectorCompat,DrawableCompat,setHotspotBounds.(IIII)V,29
clhernandez,cl.usach.lab1.finanzas.rmi.client,ClienteFinanzasRMI,getOrdenById.(I)Ljava/lang/Object;,29
Mandrivia,main,ProblemData,setCoverageRadius.(I)V,27
sheryanresutov,gui,GamePanel,increaseScore.(I)V,26
jeremux,serveur,GraphImpl,getCptMessage.(I)I,28
srivathsarao,com.vertexnet.realestate.model.tablemodel,EmployeesTableModel,getColumnClass.(I)Ljava/lang/Object;,35
yxsu,com.petuum.ps.common.util,VectorClock,addClock.(II)V,28
martincameron,ibxm,Data,uleInt.(I)I,32
TBtomislav,jxl.format,UnderlineStyle,getStyle.(I)Ljxl/format/UnderlineStyle;,37
TBtomislav,jxl.write.biff,RowRecord,setRowHeight.(I)V,28
fbrass,de.spqr.activitiderbysoapservice,PartServer,changeDoorAmount.(I)Z,29
kawsar-ahmed,demo,Demo,multiply.(II)I,51
martincameron,ibxm,Data,sByte.(I)B,29
igrief15,-,Board,function.(I)I,28
yxsu,com.petuum.ps.thread,SSPRowRequestOpLogMgr,serverAcknowledgeVersion.(II)V,27
mathewreny,edu.unl.cse,Compiler,returnBinaryNumber.(II)Ljava/lang/Object;,32
KenyStev,examen1labprg2,Empresa,search.(I)Ljava/lang/Object;,27
sheryanresutov,GameBackEnd,GameBoard,removeSet.(III)V,28
MikeLydeamore,powercrystals.core.gui.controls,Button,drawForeground.(II)V,27
DunnR,-,BinaryTree,search.(I)Z,31
WyattPearson,client,GameController,place.(II)V,28
divinebooger,huglife,HugLifeUtils,randomInt.(II)I,27
lerichard95,-,RandTreeGenInt,exhaustTree.(II)Ljava/lang/Object;,49
mathewreny,edu.unl.cse,Compiler,returnBinaryNumber.(II)Ljava/lang/Object;,33
jordanywhite,edu.up.cs301.othello,OthelloState,playDisk.(II)V,29
WyattPearson,-,ReversiGame,flip.(II)V,37
tliu17,-,ClosedHashing,lookUp.(I)V,32
dumchikov,com.grumoon.pulllistview,PullListView,canScroll.(I)Z,30
clhernandez,cl.usach.lab1.finanzas.rmi.client,ClienteFinanzasRMI,eliminarProducto.(I)Z,27
phil132,de.gistribution.beuth.phil.gistribution_v1,NavigationDrawerFragment,selectItem.(I)V,27
compgen-io,io.compgen.common,TallyCounts,incr.(I)V,28
MikeLydeamore,cofh.gui,GuiTextList,selectLine.(I)V,27
KenyStev,ChessChaturanga.Logica.Pieces,Tower,validMovement.(II)Z,25
aurora-lzzp,hex,Func_bin,_convert.(II)Ljava/lang/String;,51
jfeinstein10,com.jeremyfeinstein.slidingmenu.lib.app,SlidingFragmentActivity,setContentView.(I)V,26
aurora-lzzp,student,ClassMgr,searchClassbyNum.(I)Ljava/lang/Object;,26
TBtomislav,jxl.biff.formula,FormulaErrorCode,getErrorCode.(I)Ljxl/biff/formula/FormulaErrorCode;,56
zhangruoxu,VC.CodeGen,Emitter,emitFLOAD.(I)V,27
gpfjeff,com.gpfcomics.android.ppp,Cardset,setLastCard.(I)V,27
vehicle-history,io.vehiclehistory.adapter,VehicleDataAdapter,getItem.(I)Ljava/lang/Object;,28
flypigrmvb,kankan.wheel.widget.adapters,ArrayWheelAdapter,getItemText.(I)Ljava/lang/Object;,28
di-ruan,shared,RDSWrapper,getCustomerRegisterId.(I)Ljava/lang/Object;,27
martincameron,micromod,Channel,row.(IIII)V,27
jglewis93,com.example.jon.restroomradar,SchemaContract,getLatitude.(I)D,27
fabiuz7,edu.umd.cloud9.util,ArrayListOfShorts,remove.(I)S,27
divinebooger,-,Calculator,multiply.(II)I,28
zlim,jnt.scimark2,MonteCarlo,integrate.(I)D,28
clear2zero,com.ksy.media.widget,MediaPlayerMovieRatioView,show.(I)V,27
yxsu,com.petuum.ps.server,CallBackSubs,subscribe.(I)Z,27
coronalabs,plugin.google.iap.v3.util,IabHelper,getResponseDesc.(I)Ljava/lang/Object;,28
frigidrain,scheduler,TaskGroup,setValue.(I)V,26
danvo,android.bignerdranch.com.criminalintent,DatePickerFragment,sendResult.(I)V,27
WyattPearson,-,Board,function.(I)I,28
xujiabin,com.zol.backserver.service,QueryReferTimeService,queryTime.(I)Ljava/lang/Object;,26
jordanywhite,edu.up.cs301.othello,OthelloState,getDisk.(II)Ljava/lang/Object;,27
gpfjeff,com.gpfcomics.android.ppp,Cardset,fitsMaxCardWidth.(II)Z,27
divinebooger,-,Calculator,printHistory.(I)V,27
Jumping-alien-W-and-M,jumpingalien.model,World,getProperXWindow.(I)I,31
Jumping-alien-W-and-M,jumpingalien.model,World,setXWindow.(I)V,26
fabiuz7,edu.umd.cloud9.util,ArrayListOfInts,ensureCapacity.(I)V,29
clear2zero,com.ksy.media.widget,CenterLayout,onMeasure.(II)V,28
twitter,com.twitter.http2,HttpConnection,updateAllSendWindowSizes.(I)V,27
clhernandez,cl.usach.lab1.rrhh.rmi.client,ClienteRrhhRMI,eliminarCargo.(I)Z,29
harithan81,com.lm.service,UserActivityService,renewBook.(I)Ljava/lang/Object;,27
niosus,com.learnit.learnit.fragments.learn_fragments,AbstractLearnFragment,hideButtons.(II)V,28
yxsu,com.petuum.ps.server,Server,clock.(II)Z,28
cyanskies,au.edu.deakin.ice.meltdown,SoundManager,pause.(I)V,28
sheryanresutov,GameBackEnd,Game,leave.(I)V,26
jglewis93,com.example.jon.restroomradar,SchemaContract,getDescription.(I)Ljava/lang/Object;,28
sheryanresutov,GameBackEnd,GameBoard,addCards.(I)V,29
billcchung,tw.billchung.taiwancoffeeprices,MainActivity,onNavigationDrawerItemSelected.(I)V,27
linsonzhao,video.app.autobahn,ByteBufferOutputStream,expand.(I)V,27
jfeinstein10,com.jeremyfeinstein.slidingmenu.lib.app,SlidingListActivity,findViewById.(I)Ljava/lang/Object;,28
netixx,fr.enst.infsi351.notedown.fragment,CutPdfRendererFragment,showPage.(II)V,29
eevans,SevenZip.Compression.LZ,InWindow,GetMatchLen.(III)I,29
rails-school,org.railsschool.tiramisu.views.patterns,ReminderSeekbarLabelPattern,_setCurrent.(I)V,29
ahielg,hebrewDate,CalendarUtils,getJewishMonthName.(II)Ljava/lang/Object;,28
sheryanresutov,gui,GamePanel,setTimer.(I)V,29
jfeinstein10,com.jeremyfeinstein.slidingmenu.lib.app,SlidingMapActivity,findViewById.(I)Ljava/lang/Object;,28
tkleisas,org.teacake.monolith.apk,SoundPoolManager,stopMusic.(I)V,27
mithunkumarnallu,SchedulingAlgos,ProcessInfo,WaitForIO.(I)V,27
srivathsarao,com.vertexnet.realestate.model.tablemodel,SitePaymentTableModel,getValueAt.(II)Ljava/lang/Object;,27
JsonHunt,com.squareup.okhttp.internal.spdy,Settings,getCurrentCwnd.(I)I,27
tuanhq,org.thq.business,ContentInfoDAO,deleteDtoById.(I)Z,28
KenyStev,LabProgra2,Residencial,InformacionCasa.(I)Z,29
abraxasson,at.abraxas.amarino.example.plugin.compass,MyEditActivity,getRate.(I)I,29
TomWerner,com.wernerapps.ezbongo.StopListing,ExpandableSwipeAdapter,getChild.(II)Ljava/lang/Object;,26
josinmartinez,Pruebas.LocalSearch,EightQueens,violations.(I)I,29
Mandrivia,main,ProblemData,setAreaDimension.(III)V,36
frontiertsymbal,com.frontier.giphy.utils,CircularViewPagerHandler,onPageSelected.(I)V,28
frigidrain,scheduler,TaskGroup,priority.(I)I,27
di-ruan,shared,RDSWrapper,getCustomerConfig.(I)Ljava/lang/Object;,27
lorinczpatrik,tema2_TP,Simulator,addClients.(I)V,27
zyq001,edu.bupt.zyq,MinStack,push.(I)V,26
igrief15,-,Position,unoccupy.(I)V,27
PunchApp,com.android.volley.toolbox,ByteArrayPool,getBuf.(I)[B,27
MikeLydeamore,powercrystals.core.gui.controls,ListBox,onScroll.(I)V,26
TBtomislav,jxl.write.biff,RowRecord,setOutlineLevel.(I)V,27
vcsupser,io.netty.example.portunification,PortUnificationServerHandler,isGzip.(II)Z,29
caseyjames,assignment2,Library,getInstanceOf.(I)Ljava/lang/Object;,26
immlf,ua.pp.lab101.synthesizercontrol.activity.accessory,ReadDataFromCSVFileActivity,getTimeInSeconds.(III)I,26
Kevin-unipe,data.br,Data,setMes.(I)V,29
TBtomislav,jxl.biff.formula,CellReference3d,adjustRelativeCellReferences.(II)V,27
tkleisas,org.teacake.monolith.apk,SoundPoolManager,startMusic.(I)V,25
butlersrepos,dungeonDigger.entities.templates,ZombieTemplate,newCon.(I)I,26
pfyuit,com.pfyuit.myalgorithm.datastructure.graph,PriorityQueue,trickleDown.(I)V,28
KenyStev,-,Picture,get.(II)Ljava/awt/Color;,30
TBtomislav,jxl.write.biff,WritableWorkbookImpl,removeSheet.(I)V,28
n11com,com.n11.tech.endlessadapter.adapter,EndlessAdapter,setHasMoreData.(II)V,27
srivathsarao,com.vertexnet.realestate.model.tablemodel,InstallmentsTableModel,getColumnClass.(I)Ljava/lang/Object;,26
eevans,SevenZip.Compression.LZ,OutWindow,GetByte.(I)B,28
jhonnybsg,br.com.gamezes.screens,PlayerSelectScreen,scrolled.(I)Z,26
hpu-spring87,com.hpuvoice.fragment,NavigationDrawerFragment,selectItem.(I)V,27
igrief15,-,Position,occupy.(I)V,27
JsonHunt,com.squareup.okhttp.internal.spdy,Settings,getRoundTripTime.(I)I,26
xcerox,com.libreriajRR.seguridad,CoreValidacion,isSymbol.(I)Z,27
Jumping-alien-W-and-M,jumpingalien.model,World,getFeature.(II)Ljava/lang/Object;,26
kinneyyan,com.yanshi.my36kr.common.view.slidingTab,SlidingTabLayout,setCustomTabView.(II)V,27
srivathsarao,com.vertexnet.realestate.model.tablemodel,SitesTableModel,getColumnClass.(I)Ljava/lang/Object;,30
clhernandez,cl.usach.lab1.db.DAO.finanzas,ClienteDAO,getClienteById.(I)Ljava/lang/Object;,37
kschlorff16,-,Picture,get.(II)Ljava/awt/Color;,34
WyattPearson,-,Board,occupy.(II)V,29
tliu17,-,ListGraph,getNeighbors.(I)Ljava/util/List;,30
leetea,com.androidexample.noisealert,SoundLevelView,setLevel.(II)V,30
tkleisas,org.teacake.monolith.apk,SoundPoolManager,stopSound.(I)V,28
clhernandez,cl.usach.lab1.db.DAO.rrhh,CargoDAO,getCargoById.(I)Ljava/lang/Object;,30
The-WUUSTER,-,Plausibility,indexLookup.(I)I,49
nicolas-legroux,-,GraphBuilder,addPartsOfSize.(II)V,30
Jumping-alien-W-and-M,jumpingalien.common.sprites,ImageSprite,shiftHue.(I)Ljava/lang/Object;,28
lerichard95,-,RandTreeGenInt,randTree.(II)Ljava/lang/Object;,27
martincameron,micromod,Macro,transpose.(III)I,29
RomanStoyko,com.storoman.app,MainActivity,onCreateDialog.(I)Ljava/lang/Object;,29
sheryanresutov,GameBackEnd,GameLobby,createGame.(I)Ljava/lang/Object;,31
yxsu,com.petuum.ps.server,Server,getBgVersion.(I)I,28
igorgatis,com.googlecode.compress_j2me.gzip,ZStream,skipBytes.(I)V,30
liulinru13,mmrx.com.metrolayout,MetroView,onMeasure.(II)V,27
TomWerner,com.wernerapps.ezbongo.StopListing,ExpandableSwipeAdapter,getChildrenCount.(I)I,27
TBtomislav,jxl.write.biff,WritableWorkbookImpl,getReadSheet.(I)Ljava/lang/Object;,26
clhernandez,cl.usach.lab1.finanzas.rmi.client,ClienteFinanzasRMI,eliminarOrdenProducto.(I)Z,27
ahielg,hebrewDate,CalendarUtils,getWeekdayOfHebrewDate.(III)I,27
n11com,com.n11.tech.endlessadapter.adapter,EndlessAdapter,getItemId.(I)J,25
martincameron,micromod,Note,keyToString.(I)Ljava/lang/String;,36
clhernandez,cl.usach.lab1.db.DAO.rrhh,DepartamentoDAO,getDepartamentoById.(I)Ljava/lang/Object;,29
lerichard95,-,RandTreeGenInt,randTreeN.(III)Ljava/lang/Object;,31
BrassGoggledCoders,fantasykingdoms.common.blocks,BlockCustomFiniteFluid,getIcon.(II)Ljava/lang/Object;,30
KenyStev,-,PalindromoAir,firstAvailable.(I)I,30
nicolas-legroux,-,GraphBuilder,isPart.(IIII)Z,29
online-solutions,plus.studio.beta.streamvideo.mediacontroller,VideoControllerView,show.(I)V,29
SalesforceEng,com.salesforce.keystone.roadrunner.nio.streams,ByteBufferOutputStream,write.(I)V,26
vdzundza,main,HashMap,getIndex.(I)I,29
xianc,-,Cell,groupSolve.(IIII)V,146
StefanCiotec,ro.pub.cs.systems.pdsd.lab05.addressbook.controller,ContactAdapter,getItemViewType.(I)I,28
igorgatis,com.googlecode.compress_j2me.gzip,ZStream,copyFromEnd.(II)V,29
MikeLydeamore,cofh.gui.client,GuiFriendsList,drawGuiContainerForegroundLayer.(II)V,26
clrung,-,Heap,exchange.(II)V,29
abraxasson,at.abraxas.amarino.plugins.compass,EditActivity,getRateText.(I)Ljava/lang/Object;,25
WyattPearson,server,ReversiGame,flip.(II)V,27
harithan81,com.lm.service,UserActivityService,findOne.(I)Ljava/lang/Object;,27
pfyuit,com.pfyuit.myalgorithm.datastructure.tree,Heap,trickleDown.(I)V,28
TBtomislav,jxl.biff,FormattingRecords,getNumberFormat.(I)Ljava/lang/Object;,27
BoBinLee,com.skhu.service,SkhuBrdService,addSkhuBrd.(II)Z,27
luizrogeriocn,-,ListaDeCantinas,buscarEstoque.(I)I,31
KenyStev,examen1labprg2,Empresa,payEmploye.(I)Z,29
TheTemportalist,com.temportalist.thaumicexpansion.common.tile,TEThaumicAnalyzer,canInput_Item.(I)Z,27
jlnunn2372,main.java.bubblePopper,ScoreBoardController,setScore.(I)V,26
vehicle-history,io.vehiclehistory.fragment,NavigationDrawerFragment,selectItem.(I)V,27
si-yao,utility,SocketService,getInstance.(I)Ljava/lang/Object;,29
wenjiang,com.zwb.simple.ui,SelectorDrawable,setColors.(II)V,26
frigidrain,scheduler,TaskGroup,setId.(I)V,26
AdaptiveSystem,com.movie.worth.dao,Ratings,getRatingsOfOneUser.(I)Ljava/lang/Object;,37
srivathsarao,com.vertexnet.realestate.model.tablemodel,InstallmentsTableModel,getValueAt.(II)Ljava/lang/Object;,29
harrydet,com.example.harry.wakeup.adapters,ListTaskListAdapter,getItemId.(I)J,26
MikeLydeamore,cofh.item,ItemBase,getIconFromDamage.(I)Ljava/lang/Object;,29
aurora-lzzp,student,ClassMgr,delClass.(I)Z,26
eevans,SevenZip.Compression.LZMA,Base,StateUpdateShortRep.(I)I,27
tliu17,-,MatrixGraph,getNeighbors.(I)[I,27
Mandrivia,main,ProblemData,isTarget.(II)Z,27
sheryanresutov,GameBackEnd,Game,returnScore.(II)Ljava/lang/Object;,28
martincameron,ibxm,Data,uByte.(I)I,28
divinebooger,-,ArrayList61B,get.(I)Ljava/lang/Object;,40
Jumping-alien-W-and-M,jumpingalien.model,World,getHash.(II)I,29
caseyjames,FinalProject,PriorityQueueHEAP,percolateUp.(I)V,32
jlnunn2372,main.java.bubblePopper,ScoreBoardController,addScoreToList.(II)V,28
sephiroth74,it.sephiroth.android.library.overlaymenu,OverMenuView,createMenuOverlay.(I)V,27
srivathsarao,com.vertexnet.realestate.model.tablemodel,AgentsTableModel,getColumnName.(I)Ljava/lang/Object;,26
zyq001,edu.bupt.zyq,PascalsTriangle,generate.(I)Ljava/util/List;,65
di-ruan,shared,RDSWrapper,purchaseCoupon.(II)Z,27
fabiuz7,edu.umd.cloud9.util,ArrayListOfInts,set.(II)I,30
eevans,SevenZip.Compression.LZMA,Decoder,SetLcLpPb.(III)Z,27
TBtomislav,jxl.biff,FormattingRecords,getFormatRecord.(I)Ljava/lang/Object;,27
endangh,p9.c,ArraysMatakuliah,deleteByIndeks.(I)V,29
srivathsarao,com.vertexnet.realestate.model.tablemodel,InstallmentsTableModel,getColumnName.(I)Ljava/lang/Object;,26
clear2zero,com.ksy.media.player,BaseMediaPlayer,notifyOnError.(II)Z,27
yxsu,com.petuum.ps.common.util,VectorClock,tick.(I)I,27
Jumping-alien-W-and-M,jumpingalien.model,World,setYWindow.(I)V,29
mithunkumarnallu,SchedulingAlgos,ProcessInfo,UpdateReadyQueueInsertTime.(I)V,25
Jumping-alien-W-and-M,jumpingalien.model,World,getFeature.(II)Ljava/lang/Object;,26
Jumping-alien-W-and-M,jumpingalien.common.sprites,ImageSprite,scaleToHeight.(I)Ljava/lang/Object;,27
sivang,org.kde.necessitas.origo,QtActivity,super_onCreateDialog.(I)Ljava/lang/Object;,27
